# WaveFront *.obj file (generated by Autodesk ATF)

mtllib selpad-case-cad.mtl

g Body19

v -2.750421 -35.690000 3.000000
v -2.880939 -35.690000 3.101428
v -2.992966 -35.690000 3.222971
v -3.083441 -35.690000 3.361307
v -3.149891 -35.690000 3.512658
v -3.190502 -35.690000 3.672887
v -3.204163 -35.690000 3.837617
v -3.204163 -45.689371 3.837617
v -3.188971 -45.689371 3.663969
v -3.143856 -45.689371 3.495597
v -3.070189 -45.689371 3.337617
v -2.970208 -45.689371 3.194829
v -2.846951 -45.689371 3.071572
v -2.704163 -45.689371 2.971592
v -2.546183 -45.689371 2.897924
v -2.377811 -45.689371 2.852809
v -2.204163 -45.689371 2.837617
v -2.204163 -35.689371 2.837617
v -2.348134 -35.689371 2.848035
v -2.489104 -35.689371 2.879072
v -2.624138 -35.689371 2.930081
v -2.750421 -35.689371 3.000000
v -2.846951 -39.022704 3.071572
v -2.846951 -42.356037 3.071572
v -2.704163 -42.356037 2.971592
v -2.704163 -39.022704 2.971592
v -2.970208 -39.022704 3.194829
v -2.970208 -42.356037 3.194829
v -3.070189 -39.022704 3.337617
v -3.070189 -42.356037 3.337617
v -3.143856 -39.022704 3.495597
v -3.143856 -42.356037 3.495597
v -3.188971 -39.022704 3.663969
v -3.188971 -42.356037 3.663969
v -2.546183 -42.356037 2.897924
v -2.546183 -39.022704 2.897924
v -2.377811 -42.356037 2.852809
v -2.377811 -39.022704 2.852809
v 9.342095 -35.689371 3.000000
v 8.795837 -35.689371 2.837617
v 8.939808 -35.689371 2.848035
v 9.080778 -35.689371 2.879072
v 9.215812 -35.689371 2.930081
v 9.342095 -35.690000 3.000000
v 8.795837 -45.689371 2.837617
v 8.969485 -45.689371 2.852809
v 9.137857 -45.689371 2.897924
v 9.295837 -45.689371 2.971592
v 9.438625 -45.689371 3.071572
v 9.561881 -45.689371 3.194829
v 9.661862 -45.689371 3.337617
v 9.735530 -45.689371 3.495597
v 9.780645 -45.689371 3.663969
v 9.795837 -45.689371 3.837617
v 9.795837 -35.690000 3.837617
v 9.782176 -35.690000 3.672887
v 9.741565 -35.690000 3.512658
v 9.675115 -35.690000 3.361307
v 9.584640 -35.690000 3.222971
v 9.472613 -35.690000 3.101428
v 9.295837 -39.022704 2.971592
v 9.295837 -42.356037 2.971592
v 9.438625 -42.356037 3.071572
v 9.438625 -39.022704 3.071572
v 9.137857 -39.022704 2.897924
v 9.137857 -42.356037 2.897924
v 8.969485 -39.022704 2.852809
v 8.969485 -42.356037 2.852809
v 9.561881 -42.356037 3.194829
v 9.561881 -39.022704 3.194829
v 9.661862 -42.356037 3.337617
v 9.661862 -39.022704 3.337617
v 9.735530 -42.356037 3.495597
v 9.735530 -39.022704 3.495597
v 9.780645 -42.356037 3.663969
v 9.780645 -39.022704 3.663969
v 9.795837 -35.690000 6.837617
v 9.795837 -45.689371 6.837617
v 8.795837 -35.690000 7.837617
v 8.969485 -35.690000 7.822425
v 9.137857 -35.690000 7.777310
v 9.295837 -35.690000 7.703642
v 9.438625 -35.690000 7.603661
v 9.561881 -35.690000 7.480405
v 9.661862 -35.690000 7.337617
v 9.735530 -35.690000 7.179637
v 9.780645 -35.690000 7.011265
v 9.780645 -45.689371 7.011265
v 9.735530 -45.689371 7.179637
v 9.661862 -45.689371 7.337617
v 9.561881 -45.689371 7.480405
v 9.438625 -45.689371 7.603661
v 9.295837 -45.689371 7.703642
v 9.137857 -45.689371 7.777310
v 8.969485 -45.689371 7.822425
v 8.795837 -45.689371 7.837617
v 8.969485 -39.023124 7.822425
v 8.969485 -42.356247 7.822425
v 9.137857 -39.023124 7.777310
v 9.137857 -42.356247 7.777310
v 9.295837 -39.023124 7.703642
v 9.295837 -42.356247 7.703642
v 9.438625 -39.023124 7.603661
v 9.438625 -42.356247 7.603661
v 9.561881 -39.023124 7.480405
v 9.561881 -42.356247 7.480405
v 9.661862 -39.023124 7.337617
v 9.661862 -42.356247 7.337617
v 9.735530 -39.023124 7.179637
v 9.735530 -42.356247 7.179637
v 9.780645 -39.023124 7.011265
v 9.780645 -42.356247 7.011265
v -2.204163 -35.690000 7.837617
v -2.204163 -45.689371 7.837617
v -3.204163 -35.690000 6.837617
v -3.188971 -35.690000 7.011265
v -3.143856 -35.690000 7.179637
v -3.070189 -35.690000 7.337617
v -2.970208 -35.690000 7.480405
v -2.846951 -35.690000 7.603661
v -2.704163 -35.690000 7.703642
v -2.546183 -35.690000 7.777310
v -2.377811 -35.690000 7.822425
v -2.377811 -45.689371 7.822425
v -2.546183 -45.689371 7.777310
v -2.704163 -45.689371 7.703642
v -2.846951 -45.689371 7.603661
v -2.970208 -45.689371 7.480405
v -3.070189 -45.689371 7.337617
v -3.143856 -45.689371 7.179637
v -3.188971 -45.689371 7.011265
v -3.204163 -45.689371 6.837617
v -3.188971 -39.023124 7.011265
v -3.188971 -42.356247 7.011265
v -3.143856 -39.023124 7.179637
v -3.143856 -42.356247 7.179637
v -3.070189 -39.023124 7.337617
v -3.070189 -42.356247 7.337617
v -2.970208 -39.023124 7.480405
v -2.970208 -42.356247 7.480405
v -2.846951 -39.023124 7.603661
v -2.846951 -42.356247 7.603661
v -2.704163 -39.023124 7.703642
v -2.704163 -42.356247 7.703642
v -2.546183 -39.023124 7.777310
v -2.546183 -42.356247 7.777310
v -2.377811 -39.023124 7.822425
v -2.377811 -42.356247 7.822425
v 30.880000 -35.690000 3.000000
v 30.880000 30.000000 3.000000
v -50.000000 30.000000 3.000000
v -50.000000 -35.690000 3.000000
v 30.880000 30.000000 13.000000
v -50.000000 30.000000 13.000000
v 30.880000 -35.690000 13.000000
v -50.000000 -35.690000 13.000000
v -56.450000 -40.690000 13.000000
v -56.427971 -40.438210 13.000000
v -56.362554 -40.194071 13.000000
v -56.255737 -39.965000 13.000000
v -56.110764 -39.757958 13.000000
v -55.932042 -39.579236 13.000000
v -55.725000 -39.434263 13.000000
v -55.495929 -39.327446 13.000000
v -55.251790 -39.262029 13.000000
v -55.000000 -39.240000 13.000000
v -54.748210 -39.262029 13.000000
v -54.504071 -39.327446 13.000000
v -54.275000 -39.434263 13.000000
v -54.067958 -39.579236 13.000000
v -53.889236 -39.757958 13.000000
v -53.744263 -39.965000 13.000000
v -53.637446 -40.194071 13.000000
v -53.572029 -40.438210 13.000000
v -53.550000 -40.690000 13.000000
v -53.572029 -40.941790 13.000000
v -53.637446 -41.185929 13.000000
v -53.744263 -41.415000 13.000000
v -53.889236 -41.622042 13.000000
v -54.067958 -41.800764 13.000000
v -54.275000 -41.945737 13.000000
v -54.504071 -42.052554 13.000000
v -54.748210 -42.117971 13.000000
v -55.000000 -42.140000 13.000000
v -55.251790 -42.117971 13.000000
v -55.495929 -42.052554 13.000000
v -55.725000 -41.945737 13.000000
v -55.932042 -41.800764 13.000000
v -56.110764 -41.622042 13.000000
v -56.255737 -41.415000 13.000000
v -56.362554 -41.185929 13.000000
v -56.427971 -40.941790 13.000000
v 34.430000 -40.689371 13.000000
v 34.452029 -40.437581 13.000000
v 34.517446 -40.193441 13.000000
v 34.624263 -39.964371 13.000000
v 34.769236 -39.757329 13.000000
v 34.947958 -39.578606 13.000000
v 35.155000 -39.433634 13.000000
v 35.384071 -39.326816 13.000000
v 35.628210 -39.261399 13.000000
v 35.880000 -39.239371 13.000000
v 36.131790 -39.261399 13.000000
v 36.375929 -39.326816 13.000000
v 36.605000 -39.433634 13.000000
v 36.812042 -39.578606 13.000000
v 36.990764 -39.757329 13.000000
v 37.135737 -39.964371 13.000000
v 37.242554 -40.193441 13.000000
v 37.307971 -40.437581 13.000000
v 37.330000 -40.689371 13.000000
v 37.307971 -40.941160 13.000000
v 37.242554 -41.185300 13.000000
v 37.135737 -41.414371 13.000000
v 36.990764 -41.621413 13.000000
v 36.812042 -41.800135 13.000000
v 36.605000 -41.945107 13.000000
v 36.375929 -42.051925 13.000000
v 36.131790 -42.117342 13.000000
v 35.880000 -42.139371 13.000000
v 35.628210 -42.117342 13.000000
v 35.384071 -42.051925 13.000000
v 35.155000 -41.945107 13.000000
v 34.947958 -41.800135 13.000000
v 34.769236 -41.621413 13.000000
v 34.624263 -41.414371 13.000000
v 34.517446 -41.185300 13.000000
v 34.452029 -40.941160 13.000000
v 34.430002 35.000629 13.000000
v 34.452031 35.252419 13.000000
v 34.517448 35.496559 13.000000
v 34.624265 35.725629 13.000000
v 34.769237 35.932671 13.000000
v 34.947960 36.111394 13.000000
v 35.155002 36.256366 13.000000
v 35.384073 36.363184 13.000000
v 35.628212 36.428601 13.000000
v 35.880002 36.450629 13.000000
v 36.131792 36.428601 13.000000
v 36.375931 36.363184 13.000000
v 36.605002 36.256366 13.000000
v 36.812044 36.111394 13.000000
v 36.990766 35.932671 13.000000
v 37.135739 35.725629 13.000000
v 37.242556 35.496559 13.000000
v 37.307973 35.252419 13.000000
v 37.330002 35.000629 13.000000
v 37.307973 34.748840 13.000000
v 37.242556 34.504700 13.000000
v 37.135739 34.275629 13.000000
v 36.990766 34.068587 13.000000
v 36.812044 33.889865 13.000000
v 36.605002 33.744893 13.000000
v 36.375931 33.638075 13.000000
v 36.131792 33.572658 13.000000
v 35.880002 33.550629 13.000000
v 35.628212 33.572658 13.000000
v 35.384073 33.638075 13.000000
v 35.155002 33.744893 13.000000
v 34.947960 33.889865 13.000000
v 34.769237 34.068587 13.000000
v 34.624265 34.275629 13.000000
v 34.517448 34.504700 13.000000
v 34.452031 34.748840 13.000000
v -56.450001 35.000629 13.000000
v -56.427972 35.252419 13.000000
v -56.362555 35.496559 13.000000
v -56.255738 35.725629 13.000000
v -56.110765 35.932671 13.000000
v -55.932043 36.111394 13.000000
v -55.725001 36.256366 13.000000
v -55.495930 36.363184 13.000000
v -55.251791 36.428601 13.000000
v -55.000001 36.450629 13.000000
v -54.748211 36.428601 13.000000
v -54.504072 36.363184 13.000000
v -54.275001 36.256366 13.000000
v -54.067959 36.111394 13.000000
v -53.889236 35.932671 13.000000
v -53.744264 35.725629 13.000000
v -53.637447 35.496559 13.000000
v -53.572030 35.252419 13.000000
v -53.550001 35.000629 13.000000
v -53.572030 34.748840 13.000000
v -53.637447 34.504700 13.000000
v -53.744264 34.275629 13.000000
v -53.889236 34.068587 13.000000
v -54.067959 33.889865 13.000000
v -54.275001 33.744893 13.000000
v -54.504072 33.638075 13.000000
v -54.748211 33.572658 13.000000
v -55.000001 33.550629 13.000000
v -55.251791 33.572658 13.000000
v -55.495930 33.638075 13.000000
v -55.725001 33.744893 13.000000
v -55.932043 33.889865 13.000000
v -56.110765 34.068587 13.000000
v -56.255738 34.275629 13.000000
v -56.362555 34.504700 13.000000
v -56.427972 34.748840 13.000000
v -60.000000 -39.689371 13.000000
v -59.974405 -40.242981 13.000000
v -59.897839 -40.791868 13.000000
v -59.770954 -41.331349 13.000000
v -59.594833 -41.856821 13.000000
v -59.370980 -42.363801 13.000000
v -59.101303 -42.847964 13.000000
v -58.788103 -43.305178 13.000000
v -58.434054 -43.731544 13.000000
v -58.042174 -44.123424 13.000000
v -57.615808 -44.477474 13.000000
v -57.158593 -44.790673 13.000000
v -56.674430 -45.060350 13.000000
v -56.167450 -45.284204 13.000000
v -55.641978 -45.460324 13.000000
v -55.102497 -45.587209 13.000000
v -54.553610 -45.663776 13.000000
v -54.000000 -45.689371 13.000000
v 34.880000 -45.689371 13.000000
v 35.433610 -45.663776 13.000000
v 35.982497 -45.587209 13.000000
v 36.521978 -45.460324 13.000000
v 37.047450 -45.284204 13.000000
v 37.554430 -45.060350 13.000000
v 38.038593 -44.790673 13.000000
v 38.495808 -44.477474 13.000000
v 38.922174 -44.123424 13.000000
v 39.314054 -43.731544 13.000000
v 39.668103 -43.305178 13.000000
v 39.981303 -42.847964 13.000000
v 40.250980 -42.363801 13.000000
v 40.474833 -41.856821 13.000000
v 40.650954 -41.331349 13.000000
v 40.777839 -40.791868 13.000000
v 40.854405 -40.242981 13.000000
v 40.880000 -39.689371 13.000000
v 40.880000 34.000629 13.000000
v 40.854405 34.554240 13.000000
v 40.777839 35.103126 13.000000
v 40.650954 35.642607 13.000000
v 40.474833 36.168079 13.000000
v 40.250980 36.675060 13.000000
v 39.981303 37.159222 13.000000
v 39.668103 37.616437 13.000000
v 39.314054 38.042803 13.000000
v 38.922174 38.434683 13.000000
v 38.495808 38.788733 13.000000
v 38.038593 39.101932 13.000000
v 37.554430 39.371609 13.000000
v 37.047450 39.595463 13.000000
v 36.521978 39.771583 13.000000
v 35.982497 39.898468 13.000000
v 35.433610 39.975034 13.000000
v 34.880000 40.000629 13.000000
v -54.000000 40.000629 13.000000
v -54.553610 39.975034 13.000000
v -55.102497 39.898468 13.000000
v -55.641978 39.771583 13.000000
v -56.167450 39.595463 13.000000
v -56.674430 39.371609 13.000000
v -57.158593 39.101932 13.000000
v -57.615808 38.788733 13.000000
v -58.042174 38.434683 13.000000
v -58.434054 38.042803 13.000000
v -58.788103 37.616437 13.000000
v -59.101303 37.159222 13.000000
v -59.370980 36.675060 13.000000
v -59.594833 36.168079 13.000000
v -59.770954 35.642607 13.000000
v -59.897839 35.103126 13.000000
v -59.974405 34.554240 13.000000
v -60.000000 34.000629 13.000000
v 34.430000 -40.689371 0.000000
v 34.452029 -40.437581 0.000000
v 34.517446 -40.193441 0.000000
v 34.624263 -39.964371 0.000000
v 34.769236 -39.757329 0.000000
v 34.947958 -39.578606 0.000000
v 35.155000 -39.433634 0.000000
v 35.384071 -39.326816 0.000000
v 35.628210 -39.261399 0.000000
v 35.880000 -39.239371 0.000000
v 36.131790 -39.261399 0.000000
v 36.375929 -39.326816 0.000000
v 36.605000 -39.433634 0.000000
v 36.812042 -39.578606 0.000000
v 36.990764 -39.757329 0.000000
v 37.135737 -39.964371 0.000000
v 37.242554 -40.193441 0.000000
v 37.307971 -40.437581 0.000000
v 37.330000 -40.689371 0.000000
v 37.307971 -40.941160 0.000000
v 37.242554 -41.185300 0.000000
v 37.135737 -41.414371 0.000000
v 36.990764 -41.621413 0.000000
v 36.812042 -41.800135 0.000000
v 36.605000 -41.945107 0.000000
v 36.375929 -42.051925 0.000000
v 36.131790 -42.117342 0.000000
v 35.880000 -42.139371 0.000000
v 35.628210 -42.117342 0.000000
v 35.384071 -42.051925 0.000000
v 35.155000 -41.945107 0.000000
v 34.947958 -41.800135 0.000000
v 34.769236 -41.621413 0.000000
v 34.624263 -41.414371 0.000000
v 34.517446 -41.185300 0.000000
v 34.452029 -40.941160 0.000000
v 34.430000 -40.689371 8.666667
v 34.430000 -40.689371 4.333333
v 34.452029 -40.941160 8.666667
v 34.452029 -40.941160 4.333333
v 34.517446 -41.185300 8.666667
v 34.517446 -41.185300 4.333333
v 34.624263 -41.414371 8.666667
v 34.624263 -41.414371 4.333333
v 34.769236 -41.621413 8.666667
v 34.769236 -41.621413 4.333333
v 34.947958 -41.800135 8.666667
v 34.947958 -41.800135 4.333333
v 35.155000 -41.945107 8.666667
v 35.155000 -41.945107 4.333333
v 35.384071 -42.051925 8.666667
v 35.384071 -42.051925 4.333333
v 35.628210 -42.117342 8.666667
v 35.628210 -42.117342 4.333333
v 35.880000 -42.139371 8.666667
v 35.880000 -42.139371 4.333333
v 36.131790 -42.117342 8.666667
v 36.131790 -42.117342 4.333333
v 36.375929 -42.051925 8.666667
v 36.375929 -42.051925 4.333333
v 36.605000 -41.945107 8.666667
v 36.605000 -41.945107 4.333333
v 36.812042 -41.800135 8.666667
v 36.812042 -41.800135 4.333333
v 36.990764 -41.621413 8.666667
v 36.990764 -41.621413 4.333333
v 37.135737 -41.414371 8.666667
v 37.135737 -41.414371 4.333333
v 37.242554 -41.185300 8.666667
v 37.242554 -41.185300 4.333333
v 37.307971 -40.941160 8.666667
v 37.307971 -40.941160 4.333333
v 37.330000 -40.689371 8.666667
v 37.330000 -40.689371 4.333333
v 37.307971 -40.437581 8.666667
v 37.307971 -40.437581 4.333333
v 37.242554 -40.193441 8.666667
v 37.242554 -40.193441 4.333333
v 37.135737 -39.964371 8.666667
v 37.135737 -39.964371 4.333333
v 36.990764 -39.757329 8.666667
v 36.990764 -39.757329 4.333333
v 36.812042 -39.578606 8.666667
v 36.812042 -39.578606 4.333333
v 36.605000 -39.433634 8.666667
v 36.605000 -39.433634 4.333333
v 36.375929 -39.326816 8.666667
v 36.375929 -39.326816 4.333333
v 36.131790 -39.261399 8.666667
v 36.131790 -39.261399 4.333333
v 35.880000 -39.239371 8.666667
v 35.880000 -39.239371 4.333333
v 35.628210 -39.261399 8.666667
v 35.628210 -39.261399 4.333333
v 35.384071 -39.326816 8.666667
v 35.384071 -39.326816 4.333333
v 35.155000 -39.433634 8.666667
v 35.155000 -39.433634 4.333333
v 34.947958 -39.578606 8.666667
v 34.947958 -39.578606 4.333333
v 34.769236 -39.757329 8.666667
v 34.769236 -39.757329 4.333333
v 34.624263 -39.964371 8.666667
v 34.624263 -39.964371 4.333333
v 34.517446 -40.193441 8.666667
v 34.517446 -40.193441 4.333333
v 34.452029 -40.437581 8.666667
v 34.452029 -40.437581 4.333333
v 34.430002 35.000629 0.000000
v 34.452031 35.252419 0.000000
v 34.517448 35.496559 0.000000
v 34.624265 35.725629 0.000000
v 34.769237 35.932671 0.000000
v 34.947960 36.111394 0.000000
v 35.155002 36.256366 0.000000
v 35.384073 36.363184 0.000000
v 35.628212 36.428601 0.000000
v 35.880002 36.450629 0.000000
v 36.131792 36.428601 0.000000
v 36.375931 36.363184 0.000000
v 36.605002 36.256366 0.000000
v 36.812044 36.111394 0.000000
v 36.990766 35.932671 0.000000
v 37.135739 35.725629 0.000000
v 37.242556 35.496559 0.000000
v 37.307973 35.252419 0.000000
v 37.330002 35.000629 0.000000
v 37.307973 34.748840 0.000000
v 37.242556 34.504700 0.000000
v 37.135739 34.275629 0.000000
v 36.990766 34.068587 0.000000
v 36.812044 33.889865 0.000000
v 36.605002 33.744893 0.000000
v 36.375931 33.638075 0.000000
v 36.131792 33.572658 0.000000
v 35.880002 33.550629 0.000000
v 35.628212 33.572658 0.000000
v 35.384073 33.638075 0.000000
v 35.155002 33.744893 0.000000
v 34.947960 33.889865 0.000000
v 34.769237 34.068587 0.000000
v 34.624265 34.275629 0.000000
v 34.517448 34.504700 0.000000
v 34.452031 34.748840 0.000000
v 34.430002 35.000629 8.666667
v 34.430002 35.000629 4.333333
v 34.452031 34.748840 8.666667
v 34.452031 34.748840 4.333333
v 34.517448 34.504700 8.666667
v 34.517448 34.504700 4.333333
v 34.624265 34.275629 8.666667
v 34.624265 34.275629 4.333333
v 34.769237 34.068587 8.666667
v 34.769237 34.068587 4.333333
v 34.947960 33.889865 8.666667
v 34.947960 33.889865 4.333333
v 35.155002 33.744893 8.666667
v 35.155002 33.744893 4.333333
v 35.384073 33.638075 8.666667
v 35.384073 33.638075 4.333333
v 35.628212 33.572658 8.666667
v 35.628212 33.572658 4.333333
v 35.880002 33.550629 8.666667
v 35.880002 33.550629 4.333333
v 36.131792 33.572658 8.666667
v 36.131792 33.572658 4.333333
v 36.375931 33.638075 8.666667
v 36.375931 33.638075 4.333333
v 36.605002 33.744893 8.666667
v 36.605002 33.744893 4.333333
v 36.812044 33.889865 8.666667
v 36.812044 33.889865 4.333333
v 36.990766 34.068587 8.666667
v 36.990766 34.068587 4.333333
v 37.135739 34.275629 8.666667
v 37.135739 34.275629 4.333333
v 37.242556 34.504700 8.666667
v 37.242556 34.504700 4.333333
v 37.307973 34.748840 8.666667
v 37.307973 34.748840 4.333333
v 37.330002 35.000629 8.666667
v 37.330002 35.000629 4.333333
v 37.307973 35.252419 8.666667
v 37.307973 35.252419 4.333333
v 37.242556 35.496559 8.666667
v 37.242556 35.496559 4.333333
v 37.135739 35.725629 8.666667
v 37.135739 35.725629 4.333333
v 36.990766 35.932671 8.666667
v 36.990766 35.932671 4.333333
v 36.812044 36.111394 8.666667
v 36.812044 36.111394 4.333333
v 36.605002 36.256366 8.666667
v 36.605002 36.256366 4.333333
v 36.375931 36.363184 8.666667
v 36.375931 36.363184 4.333333
v 36.131792 36.428601 8.666667
v 36.131792 36.428601 4.333333
v 35.880002 36.450629 8.666667
v 35.880002 36.450629 4.333333
v 35.628212 36.428601 8.666667
v 35.628212 36.428601 4.333333
v 35.384073 36.363184 8.666667
v 35.384073 36.363184 4.333333
v 35.155002 36.256366 8.666667
v 35.155002 36.256366 4.333333
v 34.947960 36.111394 8.666667
v 34.947960 36.111394 4.333333
v 34.769237 35.932671 8.666667
v 34.769237 35.932671 4.333333
v 34.624265 35.725629 8.666667
v 34.624265 35.725629 4.333333
v 34.517448 35.496559 8.666667
v 34.517448 35.496559 4.333333
v 34.452031 35.252419 8.666667
v 34.452031 35.252419 4.333333
v -56.450001 35.000629 0.000000
v -56.427972 35.252419 0.000000
v -56.362555 35.496559 0.000000
v -56.255738 35.725629 0.000000
v -56.110765 35.932671 0.000000
v -55.932043 36.111394 0.000000
v -55.725001 36.256366 0.000000
v -55.495930 36.363184 0.000000
v -55.251791 36.428601 0.000000
v -55.000001 36.450629 0.000000
v -54.748211 36.428601 0.000000
v -54.504072 36.363184 0.000000
v -54.275001 36.256366 0.000000
v -54.067959 36.111394 0.000000
v -53.889236 35.932671 0.000000
v -53.744264 35.725629 0.000000
v -53.637447 35.496559 0.000000
v -53.572030 35.252419 0.000000
v -53.550001 35.000629 0.000000
v -53.572030 34.748840 0.000000
v -53.637447 34.504700 0.000000
v -53.744264 34.275629 0.000000
v -53.889236 34.068587 0.000000
v -54.067959 33.889865 0.000000
v -54.275001 33.744893 0.000000
v -54.504072 33.638075 0.000000
v -54.748211 33.572658 0.000000
v -55.000001 33.550629 0.000000
v -55.251791 33.572658 0.000000
v -55.495930 33.638075 0.000000
v -55.725001 33.744893 0.000000
v -55.932043 33.889865 0.000000
v -56.110765 34.068587 0.000000
v -56.255738 34.275629 0.000000
v -56.362555 34.504700 0.000000
v -56.427972 34.748840 0.000000
v -56.450001 35.000629 8.666667
v -56.450001 35.000629 4.333333
v -56.427972 34.748840 8.666667
v -56.427972 34.748840 4.333333
v -56.362555 34.504700 8.666667
v -56.362555 34.504700 4.333333
v -56.255738 34.275629 8.666667
v -56.255738 34.275629 4.333333
v -56.110765 34.068587 8.666667
v -56.110765 34.068587 4.333333
v -55.932043 33.889865 8.666667
v -55.932043 33.889865 4.333333
v -55.725001 33.744893 8.666667
v -55.725001 33.744893 4.333333
v -55.495930 33.638075 8.666667
v -55.495930 33.638075 4.333333
v -55.251791 33.572658 8.666667
v -55.251791 33.572658 4.333333
v -55.000001 33.550629 8.666667
v -55.000001 33.550629 4.333333
v -54.748211 33.572658 8.666667
v -54.748211 33.572658 4.333333
v -54.504072 33.638075 8.666667
v -54.504072 33.638075 4.333333
v -54.275001 33.744893 8.666667
v -54.275001 33.744893 4.333333
v -54.067959 33.889865 8.666667
v -54.067959 33.889865 4.333333
v -53.889236 34.068587 8.666667
v -53.889236 34.068587 4.333333
v -53.744264 34.275629 8.666667
v -53.744264 34.275629 4.333333
v -53.637447 34.504700 8.666667
v -53.637447 34.504700 4.333333
v -53.572030 34.748840 8.666667
v -53.572030 34.748840 4.333333
v -53.550001 35.000629 8.666667
v -53.550001 35.000629 4.333333
v -53.572030 35.252419 8.666667
v -53.572030 35.252419 4.333333
v -53.637447 35.496559 8.666667
v -53.637447 35.496559 4.333333
v -53.744264 35.725629 8.666667
v -53.744264 35.725629 4.333333
v -53.889236 35.932671 8.666667
v -53.889236 35.932671 4.333333
v -54.067959 36.111394 8.666667
v -54.067959 36.111394 4.333333
v -54.275001 36.256366 8.666667
v -54.275001 36.256366 4.333333
v -54.504072 36.363184 8.666667
v -54.504072 36.363184 4.333333
v -54.748211 36.428601 8.666667
v -54.748211 36.428601 4.333333
v -55.000001 36.450629 8.666667
v -55.000001 36.450629 4.333333
v -55.251791 36.428601 8.666667
v -55.251791 36.428601 4.333333
v -55.495930 36.363184 8.666667
v -55.495930 36.363184 4.333333
v -55.725001 36.256366 8.666667
v -55.725001 36.256366 4.333333
v -55.932043 36.111394 8.666667
v -55.932043 36.111394 4.333333
v -56.110765 35.932671 8.666667
v -56.110765 35.932671 4.333333
v -56.255738 35.725629 8.666667
v -56.255738 35.725629 4.333333
v -56.362555 35.496559 8.666667
v -56.362555 35.496559 4.333333
v -56.427972 35.252419 8.666667
v -56.427972 35.252419 4.333333
v -56.450000 -40.690000 0.000000
v -56.427971 -40.438210 0.000000
v -56.362554 -40.194071 0.000000
v -56.255737 -39.965000 0.000000
v -56.110764 -39.757958 0.000000
v -55.932042 -39.579236 0.000000
v -55.725000 -39.434263 0.000000
v -55.495929 -39.327446 0.000000
v -55.251790 -39.262029 0.000000
v -55.000000 -39.240000 0.000000
v -54.748210 -39.262029 0.000000
v -54.504071 -39.327446 0.000000
v -54.275000 -39.434263 0.000000
v -54.067958 -39.579236 0.000000
v -53.889236 -39.757958 0.000000
v -53.744263 -39.965000 0.000000
v -53.637446 -40.194071 0.000000
v -53.572029 -40.438210 0.000000
v -53.550000 -40.690000 0.000000
v -53.572029 -40.941790 0.000000
v -53.637446 -41.185929 0.000000
v -53.744263 -41.415000 0.000000
v -53.889236 -41.622042 0.000000
v -54.067958 -41.800764 0.000000
v -54.275000 -41.945737 0.000000
v -54.504071 -42.052554 0.000000
v -54.748210 -42.117971 0.000000
v -55.000000 -42.140000 0.000000
v -55.251790 -42.117971 0.000000
v -55.495929 -42.052554 0.000000
v -55.725000 -41.945737 0.000000
v -55.932042 -41.800764 0.000000
v -56.110764 -41.622042 0.000000
v -56.255737 -41.415000 0.000000
v -56.362554 -41.185929 0.000000
v -56.427971 -40.941790 0.000000
v -56.450000 -40.690000 8.666667
v -56.450000 -40.690000 4.333333
v -56.427971 -40.941790 8.666667
v -56.427971 -40.941790 4.333333
v -56.362554 -41.185929 8.666667
v -56.362554 -41.185929 4.333333
v -56.255737 -41.415000 8.666667
v -56.255737 -41.415000 4.333333
v -56.110764 -41.622042 8.666667
v -56.110764 -41.622042 4.333333
v -55.932042 -41.800764 8.666667
v -55.932042 -41.800764 4.333333
v -55.725000 -41.945737 8.666667
v -55.725000 -41.945737 4.333333
v -55.495929 -42.052554 8.666667
v -55.495929 -42.052554 4.333333
v -55.251790 -42.117971 8.666667
v -55.251790 -42.117971 4.333333
v -55.000000 -42.140000 8.666667
v -55.000000 -42.140000 4.333333
v -54.748210 -42.117971 8.666667
v -54.748210 -42.117971 4.333333
v -54.504071 -42.052554 8.666667
v -54.504071 -42.052554 4.333333
v -54.275000 -41.945737 8.666667
v -54.275000 -41.945737 4.333333
v -54.067958 -41.800764 8.666667
v -54.067958 -41.800764 4.333333
v -53.889236 -41.622042 8.666667
v -53.889236 -41.622042 4.333333
v -53.744263 -41.415000 8.666667
v -53.744263 -41.415000 4.333333
v -53.637446 -41.185929 8.666667
v -53.637446 -41.185929 4.333333
v -53.572029 -40.941790 8.666667
v -53.572029 -40.941790 4.333333
v -53.550000 -40.690000 8.666667
v -53.550000 -40.690000 4.333333
v -53.572029 -40.438210 8.666667
v -53.572029 -40.438210 4.333333
v -53.637446 -40.194071 8.666667
v -53.637446 -40.194071 4.333333
v -53.744263 -39.965000 8.666667
v -53.744263 -39.965000 4.333333
v -53.889236 -39.757958 8.666667
v -53.889236 -39.757958 4.333333
v -54.067958 -39.579236 8.666667
v -54.067958 -39.579236 4.333333
v -54.275000 -39.434263 8.666667
v -54.275000 -39.434263 4.333333
v -54.504071 -39.327446 8.666667
v -54.504071 -39.327446 4.333333
v -54.748210 -39.262029 8.666667
v -54.748210 -39.262029 4.333333
v -55.000000 -39.240000 8.666667
v -55.000000 -39.240000 4.333333
v -55.251790 -39.262029 8.666667
v -55.251790 -39.262029 4.333333
v -55.495929 -39.327446 8.666667
v -55.495929 -39.327446 4.333333
v -55.725000 -39.434263 8.666667
v -55.725000 -39.434263 4.333333
v -55.932042 -39.579236 8.666667
v -55.932042 -39.579236 4.333333
v -56.110764 -39.757958 8.666667
v -56.110764 -39.757958 4.333333
v -56.255737 -39.965000 8.666667
v -56.255737 -39.965000 4.333333
v -56.362554 -40.194071 8.666667
v -56.362554 -40.194071 4.333333
v -56.427971 -40.438210 8.666667
v -56.427971 -40.438210 4.333333
v -60.000000 34.000629 0.000000
v -60.000000 -39.689371 0.000000
v -54.000000 40.000629 0.000000
v -54.553610 39.975034 0.000000
v -55.102497 39.898468 0.000000
v -55.641978 39.771583 0.000000
v -56.167450 39.595463 0.000000
v -56.674430 39.371609 0.000000
v -57.158593 39.101932 0.000000
v -57.615808 38.788733 0.000000
v -58.042174 38.434683 0.000000
v -58.434054 38.042803 0.000000
v -58.788103 37.616437 0.000000
v -59.101303 37.159222 0.000000
v -59.370980 36.675060 0.000000
v -59.594833 36.168079 0.000000
v -59.770954 35.642607 0.000000
v -59.897839 35.103126 0.000000
v -59.974405 34.554240 0.000000
v 34.880000 40.000629 0.000000
v 40.880000 34.000629 0.000000
v 40.854405 34.554240 0.000000
v 40.777839 35.103126 0.000000
v 40.650954 35.642607 0.000000
v 40.474833 36.168079 0.000000
v 40.250980 36.675060 0.000000
v 39.981303 37.159222 0.000000
v 39.668103 37.616437 0.000000
v 39.314054 38.042803 0.000000
v 38.922174 38.434683 0.000000
v 38.495808 38.788733 0.000000
v 38.038593 39.101932 0.000000
v 37.554430 39.371609 0.000000
v 37.047450 39.595463 0.000000
v 36.521978 39.771583 0.000000
v 35.982497 39.898468 0.000000
v 35.433610 39.975034 0.000000
v 40.880000 -39.689371 0.000000
v 34.880000 -45.689371 0.000000
v 35.433610 -45.663776 0.000000
v 35.982497 -45.587209 0.000000
v 36.521978 -45.460324 0.000000
v 37.047450 -45.284204 0.000000
v 37.554430 -45.060350 0.000000
v 38.038593 -44.790673 0.000000
v 38.495808 -44.477474 0.000000
v 38.922174 -44.123424 0.000000
v 39.314054 -43.731544 0.000000
v 39.668103 -43.305178 0.000000
v 39.981303 -42.847964 0.000000
v 40.250980 -42.363801 0.000000
v 40.474833 -41.856821 0.000000
v 40.650954 -41.331349 0.000000
v 40.777839 -40.791868 0.000000
v 40.854405 -40.242981 0.000000
v -54.000000 -45.689371 0.000000
v -59.974405 -40.242981 0.000000
v -59.897839 -40.791868 0.000000
v -59.770954 -41.331349 0.000000
v -59.594833 -41.856821 0.000000
v -59.370980 -42.363801 0.000000
v -59.101303 -42.847964 0.000000
v -58.788103 -43.305178 0.000000
v -58.434054 -43.731544 0.000000
v -58.042174 -44.123424 0.000000
v -57.615808 -44.477474 0.000000
v -57.158593 -44.790673 0.000000
v -56.674430 -45.060350 0.000000
v -56.167450 -45.284204 0.000000
v -55.641978 -45.460324 0.000000
v -55.102497 -45.587209 0.000000
v -54.553610 -45.663776 0.000000
vt 0.999937 -0.082742 0.000000
vt 0.666667 -0.087266 0.000000
vt 0.999937 -0.099291 0.000000
vt 0.666667 -0.104720 0.000000
vt 1.000000 -0.099291 0.000000
vt 1.000000 -0.113738 0.000000
vt 0.666667 -0.122173 0.000000
vt 1.000000 -0.128185 0.000000
vt 0.666667 -0.139626 0.000000
vt 1.000000 -0.142632 0.000000
vt 1.000000 -0.157080 0.000000
vt 0.333333 -0.139626 0.000000
vt 0.000000 -0.157080 0.000000
vt 0.000000 -0.139626 0.000000
vt 0.000000 -0.122173 0.000000
vt 0.333333 -0.122173 0.000000
vt 0.000000 -0.104720 0.000000
vt 0.333333 -0.104720 0.000000
vt 0.000000 -0.087266 0.000000
vt 0.333333 -0.087266 0.000000
vt 0.000000 -0.069813 0.000000
vt 0.333333 -0.069813 0.000000
vt 0.000000 -0.052360 0.000000
vt 0.333333 -0.052360 0.000000
vt 0.000000 -0.034907 0.000000
vt 0.333333 -0.034907 0.000000
vt 0.000000 -0.017453 0.000000
vt 0.333333 -0.017453 0.000000
vt 0.000000 0.000000 0.000000
vt 0.666667 -0.017453 0.000000
vt 0.999937 -0.016548 0.000000
vt 0.999937 -0.033097 0.000000
vt 0.666667 -0.034907 0.000000
vt 0.999937 -0.049645 0.000000
vt 0.666667 -0.052360 0.000000
vt 0.999937 -0.066194 0.000000
vt 0.666667 -0.069813 0.000000
vt 0.999937 0.000000 0.000000
vt 0.604626 -0.233762 0.000000
vt -0.604626 -0.233762 0.000000
vt 0.591998 -0.240754 0.000000
vt -0.591998 -0.240754 0.000000
vt 0.578494 -0.245855 0.000000
vt -0.578494 -0.245855 0.000000
vt 0.564397 -0.248958 0.000000
vt -0.564397 -0.248958 0.000000
vt 0.550000 -0.250000 0.000000
vt -0.550000 -0.250000 0.000000
vt 1.000000 -0.057789 0.000000
vt 0.666667 -0.052360 0.000000
vt 0.999937 -0.057789 0.000000
vt 0.666667 -0.069813 0.000000
vt 0.999937 -0.074337 0.000000
vt 0.666667 -0.087266 0.000000
vt 0.999937 -0.090886 0.000000
vt 0.666667 -0.104720 0.000000
vt 0.999937 -0.107434 0.000000
vt 0.666667 -0.122173 0.000000
vt 0.999937 -0.123983 0.000000
vt 0.666667 -0.139626 0.000000
vt 0.999937 -0.140531 0.000000
vt 0.999937 -0.157080 0.000000
vt 0.333333 -0.139626 0.000000
vt 0.000000 -0.157080 0.000000
vt 0.000000 -0.139626 0.000000
vt 0.000000 -0.122173 0.000000
vt 0.333333 -0.122173 0.000000
vt 0.000000 -0.104720 0.000000
vt 0.333333 -0.104720 0.000000
vt 0.000000 -0.087266 0.000000
vt 0.333333 -0.087266 0.000000
vt 0.000000 -0.069813 0.000000
vt 0.333333 -0.069813 0.000000
vt 0.000000 -0.052360 0.000000
vt 0.333333 -0.052360 0.000000
vt 0.000000 -0.034907 0.000000
vt 0.333333 -0.034907 0.000000
vt 0.000000 -0.017453 0.000000
vt 0.333333 -0.017453 0.000000
vt 0.000000 0.000000 0.000000
vt 0.666667 -0.017453 0.000000
vt 1.000000 -0.014447 0.000000
vt 1.000000 -0.028895 0.000000
vt 0.666667 -0.034907 0.000000
vt 1.000000 -0.043342 0.000000
vt 1.000000 0.000000 0.000000
vt 0.000000 0.999937 0.000000
vt -0.300000 0.999937 0.000000
vt 0.000000 0.000000 0.000000
vt -0.300000 0.000000 0.000000
vt 0.999937 -0.139626 0.000000
vt 0.666625 -0.139626 0.000000
vt 0.999937 -0.157080 0.000000
vt 0.333312 -0.139626 0.000000
vt 0.000000 -0.157080 0.000000
vt 0.000000 -0.139626 0.000000
vt 0.000000 -0.122173 0.000000
vt 0.333312 -0.122173 0.000000
vt 0.000000 -0.104720 0.000000
vt 0.333312 -0.104720 0.000000
vt 0.000000 -0.087266 0.000000
vt 0.333312 -0.087266 0.000000
vt 0.000000 -0.069813 0.000000
vt 0.333312 -0.069813 0.000000
vt 0.000000 -0.052360 0.000000
vt 0.333312 -0.052360 0.000000
vt 0.000000 -0.034907 0.000000
vt 0.333312 -0.034907 0.000000
vt 0.000000 -0.017453 0.000000
vt 0.333312 -0.017453 0.000000
vt 0.000000 0.000000 0.000000
vt 0.666625 -0.017453 0.000000
vt 0.999937 0.000000 0.000000
vt 0.999937 -0.017453 0.000000
vt 0.999937 -0.034907 0.000000
vt 0.666625 -0.034907 0.000000
vt 0.999937 -0.052360 0.000000
vt 0.666625 -0.052360 0.000000
vt 0.999937 -0.069813 0.000000
vt 0.666625 -0.069813 0.000000
vt 0.999937 -0.087266 0.000000
vt 0.666625 -0.087266 0.000000
vt 0.999937 -0.104720 0.000000
vt 0.666625 -0.104720 0.000000
vt 0.999937 -0.122173 0.000000
vt 0.666625 -0.122173 0.000000
vt 0.000000 0.999937 0.000000
vt -1.100000 0.999937 0.000000
vt 0.000000 0.000000 0.000000
vt -1.100000 0.000000 0.000000
vt 0.999937 -0.139626 0.000000
vt 0.666625 -0.139626 0.000000
vt 0.999937 -0.157080 0.000000
vt 0.333312 -0.139626 0.000000
vt 0.000000 -0.157080 0.000000
vt 0.000000 -0.139626 0.000000
vt 0.000000 -0.122173 0.000000
vt 0.333312 -0.122173 0.000000
vt 0.000000 -0.104720 0.000000
vt 0.333312 -0.104720 0.000000
vt 0.000000 -0.087266 0.000000
vt 0.333312 -0.087266 0.000000
vt 0.000000 -0.069813 0.000000
vt 0.333312 -0.069813 0.000000
vt 0.000000 -0.052360 0.000000
vt 0.333312 -0.052360 0.000000
vt 0.000000 -0.034907 0.000000
vt 0.333312 -0.034907 0.000000
vt 0.000000 -0.017453 0.000000
vt 0.333312 -0.017453 0.000000
vt 0.000000 0.000000 0.000000
vt 0.666625 -0.017453 0.000000
vt 0.999937 0.000000 0.000000
vt 0.999937 -0.017453 0.000000
vt 0.999937 -0.034907 0.000000
vt 0.666625 -0.034907 0.000000
vt 0.999937 -0.052360 0.000000
vt 0.666625 -0.052360 0.000000
vt 0.999937 -0.069813 0.000000
vt 0.666625 -0.069813 0.000000
vt 0.999937 -0.087266 0.000000
vt 0.666625 -0.087266 0.000000
vt 0.999937 -0.104720 0.000000
vt 0.666625 -0.104720 0.000000
vt 0.999937 -0.122173 0.000000
vt 0.666625 -0.122173 0.000000
vt -0.000000 0.999937 0.000000
vt -0.300000 0.999937 0.000000
vt -0.000000 0.000000 0.000000
vt -0.300000 0.000000 0.000000
vt -1.100000 0.000000 0.000000
vt 0.000000 0.000000 0.000000
vt -1.100000 1.000000 0.000000
vt 0.000000 1.000000 0.000000
vt 0.680958 -3.284563 0.000000
vt 0.680958 -3.284500 0.000000
vt -4.044000 -3.284563 0.000000
vt -4.044000 3.284437 0.000000
vt 4.044000 3.284437 0.000000
vt 1.890210 -3.284500 0.000000
vt 4.044000 -3.284563 0.000000
vt 1.890210 -3.284563 0.000000
vt 0.000000 0.300000 0.000000
vt 8.088000 0.300000 0.000000
vt 0.000000 1.300000 0.000000
vt 8.088000 1.300000 0.000000
vt 0.000000 0.300000 0.000000
vt 6.569000 0.300000 0.000000
vt 0.000000 1.300000 0.000000
vt 6.569000 1.300000 0.000000
vt 0.000000 0.300000 0.000000
vt 6.569000 0.300000 0.000000
vt 0.000000 1.300000 0.000000
vt 6.569000 1.300000 0.000000
vt 3.408416 0.683762 0.000000
vt 3.408416 0.383762 0.000000
vt 8.088000 0.300000 0.000000
vt 3.407050 0.367289 0.000000
vt 3.402989 0.351266 0.000000
vt 3.396344 0.336131 0.000000
vt 3.387297 0.322297 0.000000
vt 3.376094 0.310143 0.000000
vt 3.363042 0.300000 0.000000
vt 8.088000 1.300000 0.000000
vt 3.385021 0.748040 0.000000
vt 3.395019 0.733762 0.000000
vt 3.402386 0.717964 0.000000
vt 0.000000 1.300000 0.000000
vt 3.308416 0.783762 0.000000
vt 3.325781 0.782242 0.000000
vt 3.342618 0.777731 0.000000
vt 0.000000 0.300000 0.000000
vt 2.131812 0.748040 0.000000
vt 2.144138 0.760366 0.000000
vt 2.158416 0.770364 0.000000
vt 2.153790 0.300000 0.000000
vt 2.140739 0.310143 0.000000
vt 2.129536 0.322297 0.000000
vt 2.120489 0.336131 0.000000
vt 2.113843 0.351266 0.000000
vt 2.109782 0.367289 0.000000
vt 2.108416 0.383762 0.000000
vt 2.108416 0.683762 0.000000
vt 2.109936 0.701127 0.000000
vt 2.114447 0.717964 0.000000
vt 2.121814 0.733762 0.000000
vt 2.174214 0.777731 0.000000
vt 2.191051 0.782242 0.000000
vt 2.208416 0.783762 0.000000
vt 3.358416 0.770364 0.000000
vt 3.372695 0.760366 0.000000
vt 3.406897 0.701127 0.000000
vt -4.686797 -3.759384 0.000000
vt -5.033784 -3.794750 0.000000
vt -4.689000 -3.784563 0.000000
vt -5.021095 -3.848698 0.000000
vt -4.686797 -3.809742 0.000000
vt -5.003483 -3.901245 0.000000
vt -4.680255 -3.834156 0.000000
vt -4.981098 -3.951943 0.000000
vt -4.669574 -3.857063 0.000000
vt -4.954130 -4.000359 0.000000
vt -4.655076 -3.877767 0.000000
vt -4.922810 -4.046081 0.000000
vt -4.637204 -3.895639 0.000000
vt -4.887405 -4.088717 0.000000
vt -4.848217 -4.127905 0.000000
vt -5.041441 -3.739861 0.000000
vt -4.680255 -3.734970 0.000000
vt -5.044000 -3.684500 0.000000
vt -4.669574 -3.712063 0.000000
vt -4.655076 -3.691359 0.000000
vt -4.637204 -3.673486 0.000000
vt -4.616500 -3.658989 0.000000
vt -4.593593 -3.648308 0.000000
vt -4.044000 -3.284563 0.000000
vt -4.569179 -3.641766 0.000000
vt -4.544000 -3.639563 0.000000
vt -4.518821 -3.641766 0.000000
vt -4.494407 -3.648308 0.000000
vt -4.471500 -3.658989 0.000000
vt -4.450796 -3.673486 0.000000
vt -4.432924 -3.691359 0.000000
vt -4.418426 -3.712063 0.000000
vt -4.407745 -3.734970 0.000000
vt -4.401203 -3.759384 0.000000
vt -4.399000 -3.784563 0.000000
vt -4.401203 -3.809742 0.000000
vt -4.407745 -3.834156 0.000000
vt -4.444000 -4.284500 0.000000
vt -4.418426 -3.857063 0.000000
vt -4.432924 -3.877767 0.000000
vt -4.450796 -3.895639 0.000000
vt -4.471500 -3.910137 0.000000
vt -4.494407 -3.920818 0.000000
vt -4.518821 -3.927360 0.000000
vt -4.499361 -4.281941 0.000000
vt -4.554250 -4.274284 0.000000
vt -4.544000 -3.929563 0.000000
vt -4.608198 -4.261595 0.000000
vt -4.660745 -4.243983 0.000000
vt -4.569179 -3.927360 0.000000
vt -4.711443 -4.221598 0.000000
vt -4.759859 -4.194630 0.000000
vt -4.593593 -3.920818 0.000000
vt -4.805581 -4.163310 0.000000
vt -4.616500 -3.910137 0.000000
vt 4.401203 -3.809679 0.000000
vt 4.399000 -3.784500 0.000000
vt 4.044000 -3.284563 0.000000
vt 4.401203 -3.759321 0.000000
vt 4.407745 -3.734907 0.000000
vt 4.418426 -3.712000 0.000000
vt 4.432924 -3.691296 0.000000
vt 4.450796 -3.673424 0.000000
vt 4.471500 -3.658926 0.000000
vt 4.494407 -3.648245 0.000000
vt 4.518821 -3.641703 0.000000
vt 4.544000 -3.639500 0.000000
vt 4.569179 -3.641703 0.000000
vt 4.593593 -3.648245 0.000000
vt 5.044000 -3.684500 0.000000
vt 4.616500 -3.658926 0.000000
vt 4.637204 -3.673424 0.000000
vt 4.655076 -3.691296 0.000000
vt 4.669574 -3.712000 0.000000
vt 4.680255 -3.734907 0.000000
vt 5.041441 -3.739861 0.000000
vt 4.686797 -3.759321 0.000000
vt 5.033784 -3.794750 0.000000
vt 4.689000 -3.784500 0.000000
vt 5.021095 -3.848698 0.000000
vt 4.686797 -3.809679 0.000000
vt 5.003483 -3.901245 0.000000
vt 4.680255 -3.834093 0.000000
vt 4.981098 -3.951943 0.000000
vt 4.669574 -3.857000 0.000000
vt 4.954130 -4.000359 0.000000
vt 4.655076 -3.877704 0.000000
vt 4.922810 -4.046081 0.000000
vt 4.637204 -3.895576 0.000000
vt 4.887405 -4.088717 0.000000
vt 4.848217 -4.127905 0.000000
vt 4.616500 -3.910074 0.000000
vt 4.805581 -4.163310 0.000000
vt 4.593593 -3.920755 0.000000
vt 4.759859 -4.194630 0.000000
vt 4.569179 -3.927297 0.000000
vt 4.711443 -4.221598 0.000000
vt 4.660745 -4.243983 0.000000
vt 4.544000 -3.929500 0.000000
vt 4.608198 -4.261595 0.000000
vt 4.554250 -4.274284 0.000000
vt 4.518821 -3.927297 0.000000
vt 4.499361 -4.281941 0.000000
vt 4.444000 -4.284500 0.000000
vt 4.494407 -3.920755 0.000000
vt 4.471500 -3.910074 0.000000
vt 4.450796 -3.895576 0.000000
vt 4.432924 -3.877704 0.000000
vt 4.418426 -3.857000 0.000000
vt 4.407745 -3.834093 0.000000
vt 4.401203 3.759321 0.000000
vt 4.399000 3.784500 0.000000
vt 4.044000 3.284437 0.000000
vt 4.401203 3.809679 0.000000
vt 4.407745 3.834093 0.000000
vt 4.444000 4.284500 0.000000
vt 4.418427 3.857000 0.000000
vt 4.432924 3.877704 0.000000
vt 4.450796 3.895576 0.000000
vt 4.471500 3.910074 0.000000
vt 4.494407 3.920755 0.000000
vt 4.518821 3.927297 0.000000
vt 4.499361 4.281941 0.000000
vt 4.554250 4.274284 0.000000
vt 4.544000 3.929500 0.000000
vt 4.608198 4.261595 0.000000
vt 4.660745 4.243983 0.000000
vt 4.569179 3.927297 0.000000
vt 4.711443 4.221598 0.000000
vt 4.759859 4.194630 0.000000
vt 4.593593 3.920755 0.000000
vt 4.805581 4.163310 0.000000
vt 4.616500 3.910074 0.000000
vt 4.848217 4.127905 0.000000
vt 4.637204 3.895576 0.000000
vt 4.887405 4.088717 0.000000
vt 4.922810 4.046081 0.000000
vt 4.655077 3.877704 0.000000
vt 4.954130 4.000359 0.000000
vt 4.669574 3.857000 0.000000
vt 4.981098 3.951943 0.000000
vt 4.680256 3.834093 0.000000
vt 5.003483 3.901245 0.000000
vt 4.686797 3.809679 0.000000
vt 5.021095 3.848698 0.000000
vt 4.689000 3.784500 0.000000
vt 5.033784 3.794750 0.000000
vt 4.686797 3.759321 0.000000
vt 5.041441 3.739861 0.000000
vt 4.680256 3.734907 0.000000
vt 5.044000 3.684500 0.000000
vt 4.669574 3.712000 0.000000
vt 4.655077 3.691296 0.000000
vt 4.637204 3.673424 0.000000
vt 4.616500 3.658926 0.000000
vt 4.593593 3.648245 0.000000
vt 4.569179 3.641703 0.000000
vt 4.544000 3.639500 0.000000
vt 4.518821 3.641703 0.000000
vt 4.494407 3.648245 0.000000
vt 4.471500 3.658926 0.000000
vt 4.450796 3.673424 0.000000
vt 4.432924 3.691296 0.000000
vt 4.418427 3.712000 0.000000
vt 4.407745 3.734907 0.000000
vt -4.686797 3.809679 0.000000
vt -5.021095 3.848698 0.000000
vt -4.689000 3.784500 0.000000
vt -5.033784 3.794750 0.000000
vt -4.686797 3.759321 0.000000
vt -5.041441 3.739861 0.000000
vt -4.680256 3.734907 0.000000
vt -5.044000 3.684500 0.000000
vt -4.669574 3.712000 0.000000
vt -4.655077 3.691296 0.000000
vt -4.637204 3.673424 0.000000
vt -4.616500 3.658926 0.000000
vt -4.593593 3.648245 0.000000
vt -4.044000 3.284437 0.000000
vt -4.569179 3.641703 0.000000
vt -4.544000 3.639500 0.000000
vt -4.518821 3.641703 0.000000
vt -4.494407 3.648245 0.000000
vt -4.471500 3.658926 0.000000
vt -4.450796 3.673424 0.000000
vt -4.432924 3.691296 0.000000
vt -4.418426 3.712000 0.000000
vt -4.407745 3.734907 0.000000
vt -4.401203 3.759321 0.000000
vt -4.399000 3.784500 0.000000
vt -4.401203 3.809679 0.000000
vt -4.407745 3.834093 0.000000
vt -4.444000 4.284500 0.000000
vt -4.418426 3.857000 0.000000
vt -4.432924 3.877704 0.000000
vt -4.450796 3.895576 0.000000
vt -4.471500 3.910074 0.000000
vt -4.494407 3.920755 0.000000
vt -4.518821 3.927297 0.000000
vt -4.499361 4.281941 0.000000
vt -4.554250 4.274284 0.000000
vt -5.003483 3.901245 0.000000
vt -4.680256 3.834093 0.000000
vt -4.981098 3.951943 0.000000
vt -4.669574 3.857000 0.000000
vt -4.954130 4.000359 0.000000
vt -4.655077 3.877704 0.000000
vt -4.922810 4.046081 0.000000
vt -4.637204 3.895576 0.000000
vt -4.887405 4.088717 0.000000
vt -4.848217 4.127905 0.000000
vt -4.616500 3.910074 0.000000
vt -4.805581 4.163310 0.000000
vt -4.593593 3.920755 0.000000
vt -4.759859 4.194630 0.000000
vt -4.569179 3.927297 0.000000
vt -4.711443 4.221598 0.000000
vt -4.660745 4.243983 0.000000
vt -4.544000 3.929500 0.000000
vt -4.608198 4.261595 0.000000
vt 1.300000 -0.430224 0.000000
vt 0.866667 -0.430224 0.000000
vt 1.300000 -0.455531 0.000000
vt 0.866667 -0.455531 0.000000
vt 1.300000 0.455531 0.000000
vt 0.866667 0.455531 0.000000
vt 1.300000 0.430224 0.000000
vt 0.866667 0.430224 0.000000
vt 1.300000 0.404916 0.000000
vt 0.866667 0.404916 0.000000
vt 1.300000 0.379609 0.000000
vt 0.866667 0.379609 0.000000
vt 1.300000 0.354302 0.000000
vt 0.866667 0.354302 0.000000
vt 1.300000 0.328995 0.000000
vt 0.866667 0.328995 0.000000
vt 1.300000 0.303687 0.000000
vt 0.866667 0.303687 0.000000
vt 1.300000 0.278380 0.000000
vt 0.866667 0.278380 0.000000
vt 1.300000 0.253073 0.000000
vt 0.866667 0.253073 0.000000
vt 1.300000 0.227765 0.000000
vt 0.866667 0.227765 0.000000
vt 1.300000 0.202458 0.000000
vt 0.866667 0.202458 0.000000
vt 1.300000 0.177151 0.000000
vt 0.866667 0.177151 0.000000
vt 1.300000 0.151844 0.000000
vt 0.866667 0.151844 0.000000
vt 1.300000 0.126536 0.000000
vt 0.866667 0.126536 0.000000
vt 1.300000 0.101229 0.000000
vt 0.866667 0.101229 0.000000
vt 1.300000 0.075922 0.000000
vt 0.866667 0.075922 0.000000
vt 1.300000 0.050615 0.000000
vt 0.866667 0.050615 0.000000
vt 1.300000 0.025307 0.000000
vt 0.866667 0.025307 0.000000
vt 1.300000 0.000000 0.000000
vt 0.866667 0.000000 0.000000
vt 1.300000 -0.025307 0.000000
vt 0.866667 -0.025307 0.000000
vt 1.300000 -0.050615 0.000000
vt 0.866667 -0.050615 0.000000
vt 1.300000 -0.075922 0.000000
vt 0.866667 -0.075922 0.000000
vt 1.300000 -0.101229 0.000000
vt 0.866667 -0.101229 0.000000
vt 1.300000 -0.126536 0.000000
vt 0.866667 -0.126536 0.000000
vt 1.300000 -0.151844 0.000000
vt 0.866667 -0.151844 0.000000
vt 1.300000 -0.177151 0.000000
vt 0.866667 -0.177151 0.000000
vt 1.300000 -0.202458 0.000000
vt 0.866667 -0.202458 0.000000
vt 1.300000 -0.227765 0.000000
vt 0.866667 -0.227765 0.000000
vt 1.300000 -0.253073 0.000000
vt 0.866667 -0.253073 0.000000
vt 1.300000 -0.278380 0.000000
vt 0.866667 -0.278380 0.000000
vt 1.300000 -0.303687 0.000000
vt 0.866667 -0.303687 0.000000
vt 1.300000 -0.328995 0.000000
vt 0.866667 -0.328995 0.000000
vt 1.300000 -0.354302 0.000000
vt 0.866667 -0.354302 0.000000
vt 1.300000 -0.379609 0.000000
vt 0.866667 -0.379609 0.000000
vt 1.300000 -0.404916 0.000000
vt 0.866667 -0.404916 0.000000
vt 0.000000 0.430224 0.000000
vt 0.433333 0.430224 0.000000
vt 0.000000 0.455531 0.000000
vt 0.433333 0.455531 0.000000
vt 0.000000 -0.455531 0.000000
vt 0.433333 -0.455531 0.000000
vt 0.000000 -0.430224 0.000000
vt 0.433333 -0.430224 0.000000
vt 0.000000 -0.404916 0.000000
vt 0.433333 -0.404916 0.000000
vt 0.000000 -0.379609 0.000000
vt 0.433333 -0.379609 0.000000
vt -0.000000 -0.354302 0.000000
vt 0.433333 -0.354302 0.000000
vt -0.000000 -0.328995 0.000000
vt 0.433333 -0.328995 0.000000
vt 0.000000 -0.303687 0.000000
vt 0.433333 -0.303687 0.000000
vt 0.000000 -0.278380 0.000000
vt 0.433333 -0.278380 0.000000
vt -0.000000 -0.253073 0.000000
vt 0.433333 -0.253073 0.000000
vt 0.000000 -0.227765 0.000000
vt 0.433333 -0.227765 0.000000
vt -0.000000 -0.202458 0.000000
vt 0.433333 -0.202458 0.000000
vt -0.000000 -0.177151 0.000000
vt 0.433333 -0.177151 0.000000
vt 0.000000 -0.151844 0.000000
vt 0.433333 -0.151844 0.000000
vt -0.000000 -0.126536 0.000000
vt 0.433333 -0.126536 0.000000
vt -0.000000 -0.101229 0.000000
vt 0.433333 -0.101229 0.000000
vt 0.000000 -0.075922 0.000000
vt 0.433333 -0.075922 0.000000
vt 0.000000 -0.050615 0.000000
vt 0.433333 -0.050615 0.000000
vt 0.000000 -0.025307 0.000000
vt 0.433333 -0.025307 0.000000
vt 0.000000 0.000000 0.000000
vt 0.433333 0.000000 0.000000
vt 0.000000 0.025307 0.000000
vt 0.433333 0.025307 0.000000
vt 0.000000 0.050615 0.000000
vt 0.433333 0.050615 0.000000
vt 0.000000 0.075922 0.000000
vt 0.433333 0.075922 0.000000
vt -0.000000 0.101229 0.000000
vt 0.433333 0.101229 0.000000
vt -0.000000 0.126536 0.000000
vt 0.433333 0.126536 0.000000
vt 0.000000 0.151844 0.000000
vt 0.433333 0.151844 0.000000
vt 0.000000 0.177151 0.000000
vt 0.433333 0.177151 0.000000
vt 0.000000 0.202458 0.000000
vt 0.433333 0.202458 0.000000
vt 0.000000 0.227765 0.000000
vt 0.433333 0.227765 0.000000
vt 0.000000 0.253073 0.000000
vt 0.433333 0.253073 0.000000
vt 0.000000 0.278380 0.000000
vt 0.433333 0.278380 0.000000
vt 0.000000 0.303687 0.000000
vt 0.433333 0.303687 0.000000
vt -0.000000 0.328995 0.000000
vt 0.433333 0.328995 0.000000
vt -0.000000 0.354302 0.000000
vt 0.433333 0.354302 0.000000
vt 0.000000 0.379609 0.000000
vt 0.433333 0.379609 0.000000
vt 0.000000 0.404916 0.000000
vt 0.433333 0.404916 0.000000
vt 1.300000 -0.430224 0.000000
vt 0.866667 -0.430224 0.000000
vt 1.300000 -0.455531 0.000000
vt 0.866667 -0.455531 0.000000
vt 1.300000 0.455531 0.000000
vt 0.866667 0.455531 0.000000
vt 1.300000 0.430224 0.000000
vt 0.866667 0.430224 0.000000
vt 1.300000 0.404916 0.000000
vt 0.866667 0.404916 0.000000
vt 1.300000 0.379609 0.000000
vt 0.866667 0.379609 0.000000
vt 1.300000 0.354302 0.000000
vt 0.866667 0.354302 0.000000
vt 1.300000 0.328995 0.000000
vt 0.866667 0.328995 0.000000
vt 1.300000 0.303687 0.000000
vt 0.866667 0.303687 0.000000
vt 1.300000 0.278380 0.000000
vt 0.866667 0.278380 0.000000
vt 1.300000 0.253073 0.000000
vt 0.866667 0.253073 0.000000
vt 1.300000 0.227765 0.000000
vt 0.866667 0.227765 0.000000
vt 1.300000 0.202458 0.000000
vt 0.866667 0.202458 0.000000
vt 1.300000 0.177151 0.000000
vt 0.866667 0.177151 0.000000
vt 1.300000 0.151844 0.000000
vt 0.866667 0.151844 0.000000
vt 1.300000 0.126536 0.000000
vt 0.866667 0.126536 0.000000
vt 1.300000 0.101229 0.000000
vt 0.866667 0.101229 0.000000
vt 1.300000 0.075922 0.000000
vt 0.866667 0.075922 0.000000
vt 1.300000 0.050615 0.000000
vt 0.866667 0.050615 0.000000
vt 1.300000 0.025307 0.000000
vt 0.866667 0.025307 0.000000
vt 1.300000 0.000000 0.000000
vt 0.866667 0.000000 0.000000
vt 1.300000 -0.025307 0.000000
vt 0.866667 -0.025307 0.000000
vt 1.300000 -0.050615 0.000000
vt 0.866667 -0.050615 0.000000
vt 1.300000 -0.075922 0.000000
vt 0.866667 -0.075922 0.000000
vt 1.300000 -0.101229 0.000000
vt 0.866667 -0.101229 0.000000
vt 1.300000 -0.126536 0.000000
vt 0.866667 -0.126536 0.000000
vt 1.300000 -0.151844 0.000000
vt 0.866667 -0.151844 0.000000
vt 1.300000 -0.177151 0.000000
vt 0.866667 -0.177151 0.000000
vt 1.300000 -0.202458 0.000000
vt 0.866667 -0.202458 0.000000
vt 1.300000 -0.227765 0.000000
vt 0.866667 -0.227765 0.000000
vt 1.300000 -0.253073 0.000000
vt 0.866667 -0.253073 0.000000
vt 1.300000 -0.278380 0.000000
vt 0.866667 -0.278380 0.000000
vt 1.300000 -0.303687 0.000000
vt 0.866667 -0.303687 0.000000
vt 1.300000 -0.328995 0.000000
vt 0.866667 -0.328995 0.000000
vt 1.300000 -0.354302 0.000000
vt 0.866667 -0.354302 0.000000
vt 1.300000 -0.379609 0.000000
vt 0.866667 -0.379609 0.000000
vt 1.300000 -0.404916 0.000000
vt 0.866667 -0.404916 0.000000
vt 0.000000 0.430224 0.000000
vt 0.433333 0.430224 0.000000
vt 0.000000 0.455531 0.000000
vt 0.433333 0.455531 0.000000
vt 0.000000 -0.455531 0.000000
vt 0.433333 -0.455531 0.000000
vt 0.000000 -0.430224 0.000000
vt 0.433333 -0.430224 0.000000
vt 0.000000 -0.404916 0.000000
vt 0.433333 -0.404916 0.000000
vt 0.000000 -0.379609 0.000000
vt 0.433333 -0.379609 0.000000
vt 0.000000 -0.354302 0.000000
vt 0.433333 -0.354302 0.000000
vt 0.000000 -0.328995 0.000000
vt 0.433333 -0.328995 0.000000
vt 0.000000 -0.303687 0.000000
vt 0.433333 -0.303687 0.000000
vt 0.000000 -0.278380 0.000000
vt 0.433333 -0.278380 0.000000
vt 0.000000 -0.253073 0.000000
vt 0.433333 -0.253073 0.000000
vt 0.000000 -0.227765 0.000000
vt 0.433333 -0.227765 0.000000
vt 0.000000 -0.202458 0.000000
vt 0.433333 -0.202458 0.000000
vt 0.000000 -0.177151 0.000000
vt 0.433333 -0.177151 0.000000
vt 0.000000 -0.151844 0.000000
vt 0.433333 -0.151844 0.000000
vt 0.000000 -0.126536 0.000000
vt 0.433333 -0.126536 0.000000
vt 0.000000 -0.101229 0.000000
vt 0.433333 -0.101229 0.000000
vt 0.000000 -0.075922 0.000000
vt 0.433333 -0.075922 0.000000
vt 0.000000 -0.050615 0.000000
vt 0.433333 -0.050615 0.000000
vt 0.000000 -0.025307 0.000000
vt 0.433333 -0.025307 0.000000
vt 0.000000 0.000000 0.000000
vt 0.433333 0.000000 0.000000
vt 0.000000 0.025307 0.000000
vt 0.433333 0.025307 0.000000
vt 0.000000 0.050615 0.000000
vt 0.433333 0.050615 0.000000
vt 0.000000 0.075922 0.000000
vt 0.433333 0.075922 0.000000
vt 0.000000 0.101229 0.000000
vt 0.433333 0.101229 0.000000
vt 0.000000 0.126536 0.000000
vt 0.433333 0.126536 0.000000
vt 0.000000 0.151844 0.000000
vt 0.433333 0.151844 0.000000
vt 0.000000 0.177151 0.000000
vt 0.433333 0.177151 0.000000
vt 0.000000 0.202458 0.000000
vt 0.433333 0.202458 0.000000
vt 0.000000 0.227765 0.000000
vt 0.433333 0.227765 0.000000
vt 0.000000 0.253073 0.000000
vt 0.433333 0.253073 0.000000
vt 0.000000 0.278380 0.000000
vt 0.433333 0.278380 0.000000
vt 0.000000 0.303687 0.000000
vt 0.433333 0.303687 0.000000
vt 0.000000 0.328995 0.000000
vt 0.433333 0.328995 0.000000
vt 0.000000 0.354302 0.000000
vt 0.433333 0.354302 0.000000
vt 0.000000 0.379609 0.000000
vt 0.433333 0.379609 0.000000
vt 0.000000 0.404916 0.000000
vt 0.433333 0.404916 0.000000
vt 1.300000 -0.430224 0.000000
vt 0.866667 -0.430224 0.000000
vt 1.300000 -0.455531 0.000000
vt 0.866667 -0.455531 0.000000
vt 1.300000 0.455531 0.000000
vt 0.866667 0.455531 0.000000
vt 1.300000 0.430224 0.000000
vt 0.866667 0.430224 0.000000
vt 1.300000 0.404916 0.000000
vt 0.866667 0.404916 0.000000
vt 1.300000 0.379609 0.000000
vt 0.866667 0.379609 0.000000
vt 1.300000 0.354302 0.000000
vt 0.866667 0.354302 0.000000
vt 1.300000 0.328995 0.000000
vt 0.866667 0.328995 0.000000
vt 1.300000 0.303687 0.000000
vt 0.866667 0.303687 0.000000
vt 1.300000 0.278380 0.000000
vt 0.866667 0.278380 0.000000
vt 1.300000 0.253073 0.000000
vt 0.866667 0.253073 0.000000
vt 1.300000 0.227765 0.000000
vt 0.866667 0.227765 0.000000
vt 1.300000 0.202458 0.000000
vt 0.866667 0.202458 0.000000
vt 1.300000 0.177151 0.000000
vt 0.866667 0.177151 0.000000
vt 1.300000 0.151844 0.000000
vt 0.866667 0.151844 0.000000
vt 1.300000 0.126536 0.000000
vt 0.866667 0.126536 0.000000
vt 1.300000 0.101229 0.000000
vt 0.866667 0.101229 0.000000
vt 1.300000 0.075922 0.000000
vt 0.866667 0.075922 0.000000
vt 1.300000 0.050615 0.000000
vt 0.866667 0.050615 0.000000
vt 1.300000 0.025307 0.000000
vt 0.866667 0.025307 0.000000
vt 1.300000 0.000000 0.000000
vt 0.866667 0.000000 0.000000
vt 1.300000 -0.025307 0.000000
vt 0.866667 -0.025307 0.000000
vt 1.300000 -0.050615 0.000000
vt 0.866667 -0.050615 0.000000
vt 1.300000 -0.075922 0.000000
vt 0.866667 -0.075922 0.000000
vt 1.300000 -0.101229 0.000000
vt 0.866667 -0.101229 0.000000
vt 1.300000 -0.126536 0.000000
vt 0.866667 -0.126536 0.000000
vt 1.300000 -0.151844 0.000000
vt 0.866667 -0.151844 0.000000
vt 1.300000 -0.177151 0.000000
vt 0.866667 -0.177151 0.000000
vt 1.300000 -0.202458 0.000000
vt 0.866667 -0.202458 0.000000
vt 1.300000 -0.227765 0.000000
vt 0.866667 -0.227765 0.000000
vt 1.300000 -0.253073 0.000000
vt 0.866667 -0.253073 0.000000
vt 1.300000 -0.278380 0.000000
vt 0.866667 -0.278380 0.000000
vt 1.300000 -0.303687 0.000000
vt 0.866667 -0.303687 0.000000
vt 1.300000 -0.328995 0.000000
vt 0.866667 -0.328995 0.000000
vt 1.300000 -0.354302 0.000000
vt 0.866667 -0.354302 0.000000
vt 1.300000 -0.379609 0.000000
vt 0.866667 -0.379609 0.000000
vt 1.300000 -0.404916 0.000000
vt 0.866667 -0.404916 0.000000
vt -0.000000 0.430224 0.000000
vt 0.433333 0.430224 0.000000
vt 0.000000 0.455531 0.000000
vt 0.433333 0.455531 0.000000
vt 0.000000 -0.455531 0.000000
vt 0.433333 -0.455531 0.000000
vt -0.000000 -0.430224 0.000000
vt 0.433333 -0.430224 0.000000
vt -0.000000 -0.404916 0.000000
vt 0.433333 -0.404916 0.000000
vt 0.000000 -0.379609 0.000000
vt 0.433333 -0.379609 0.000000
vt -0.000000 -0.354302 0.000000
vt 0.433333 -0.354302 0.000000
vt 0.000000 -0.328995 0.000000
vt 0.433333 -0.328995 0.000000
vt 0.000000 -0.303687 0.000000
vt 0.433333 -0.303687 0.000000
vt 0.000000 -0.278380 0.000000
vt 0.433333 -0.278380 0.000000
vt 0.000000 -0.253073 0.000000
vt 0.433333 -0.253073 0.000000
vt 0.000000 -0.227765 0.000000
vt 0.433333 -0.227765 0.000000
vt 0.000000 -0.202458 0.000000
vt 0.433333 -0.202458 0.000000
vt 0.000000 -0.177151 0.000000
vt 0.433333 -0.177151 0.000000
vt 0.000000 -0.151844 0.000000
vt 0.433333 -0.151844 0.000000
vt -0.000000 -0.126536 0.000000
vt 0.433333 -0.126536 0.000000
vt -0.000000 -0.101229 0.000000
vt 0.433333 -0.101229 0.000000
vt 0.000000 -0.075922 0.000000
vt 0.433333 -0.075922 0.000000
vt 0.000000 -0.050615 0.000000
vt 0.433333 -0.050615 0.000000
vt -0.000000 -0.025307 0.000000
vt 0.433333 -0.025307 0.000000
vt 0.000000 0.000000 0.000000
vt 0.433333 0.000000 0.000000
vt -0.000000 0.025307 0.000000
vt 0.433333 0.025307 0.000000
vt 0.000000 0.050615 0.000000
vt 0.433333 0.050615 0.000000
vt 0.000000 0.075922 0.000000
vt 0.433333 0.075922 0.000000
vt -0.000000 0.101229 0.000000
vt 0.433333 0.101229 0.000000
vt -0.000000 0.126536 0.000000
vt 0.433333 0.126536 0.000000
vt 0.000000 0.151844 0.000000
vt 0.433333 0.151844 0.000000
vt 0.000000 0.177151 0.000000
vt 0.433333 0.177151 0.000000
vt 0.000000 0.202458 0.000000
vt 0.433333 0.202458 0.000000
vt 0.000000 0.227765 0.000000
vt 0.433333 0.227765 0.000000
vt 0.000000 0.253073 0.000000
vt 0.433333 0.253073 0.000000
vt 0.000000 0.278380 0.000000
vt 0.433333 0.278380 0.000000
vt 0.000000 0.303687 0.000000
vt 0.433333 0.303687 0.000000
vt 0.000000 0.328995 0.000000
vt 0.433333 0.328995 0.000000
vt -0.000000 0.354302 0.000000
vt 0.433333 0.354302 0.000000
vt 0.000000 0.379609 0.000000
vt 0.433333 0.379609 0.000000
vt 0.000000 0.404916 0.000000
vt 0.433333 0.404916 0.000000
vt 1.300000 -0.430224 0.000000
vt 0.866667 -0.430224 0.000000
vt 1.300000 -0.455531 0.000000
vt 0.866667 -0.455531 0.000000
vt 1.300000 0.455531 0.000000
vt 0.866667 0.455531 0.000000
vt 1.300000 0.430224 0.000000
vt 0.866667 0.430224 0.000000
vt 1.300000 0.404916 0.000000
vt 0.866667 0.404916 0.000000
vt 1.300000 0.379609 0.000000
vt 0.866667 0.379609 0.000000
vt 1.300000 0.354302 0.000000
vt 0.866667 0.354302 0.000000
vt 1.300000 0.328995 0.000000
vt 0.866667 0.328995 0.000000
vt 1.300000 0.303687 0.000000
vt 0.866667 0.303687 0.000000
vt 1.300000 0.278380 0.000000
vt 0.866667 0.278380 0.000000
vt 1.300000 0.253073 0.000000
vt 0.866667 0.253073 0.000000
vt 1.300000 0.227765 0.000000
vt 0.866667 0.227765 0.000000
vt 1.300000 0.202458 0.000000
vt 0.866667 0.202458 0.000000
vt 1.300000 0.177151 0.000000
vt 0.866667 0.177151 0.000000
vt 1.300000 0.151844 0.000000
vt 0.866667 0.151844 0.000000
vt 1.300000 0.126536 0.000000
vt 0.866667 0.126536 0.000000
vt 1.300000 0.101229 0.000000
vt 0.866667 0.101229 0.000000
vt 1.300000 0.075922 0.000000
vt 0.866667 0.075922 0.000000
vt 1.300000 0.050615 0.000000
vt 0.866667 0.050615 0.000000
vt 1.300000 0.025307 0.000000
vt 0.866667 0.025307 0.000000
vt 1.300000 0.000000 0.000000
vt 0.866667 0.000000 0.000000
vt 1.300000 -0.025307 0.000000
vt 0.866667 -0.025307 0.000000
vt 1.300000 -0.050615 0.000000
vt 0.866667 -0.050615 0.000000
vt 1.300000 -0.075922 0.000000
vt 0.866667 -0.075922 0.000000
vt 1.300000 -0.101229 0.000000
vt 0.866667 -0.101229 0.000000
vt 1.300000 -0.126536 0.000000
vt 0.866667 -0.126536 0.000000
vt 1.300000 -0.151844 0.000000
vt 0.866667 -0.151844 0.000000
vt 1.300000 -0.177151 0.000000
vt 0.866667 -0.177151 0.000000
vt 1.300000 -0.202458 0.000000
vt 0.866667 -0.202458 0.000000
vt 1.300000 -0.227765 0.000000
vt 0.866667 -0.227765 0.000000
vt 1.300000 -0.253073 0.000000
vt 0.866667 -0.253073 0.000000
vt 1.300000 -0.278380 0.000000
vt 0.866667 -0.278380 0.000000
vt 1.300000 -0.303687 0.000000
vt 0.866667 -0.303687 0.000000
vt 1.300000 -0.328995 0.000000
vt 0.866667 -0.328995 0.000000
vt 1.300000 -0.354302 0.000000
vt 0.866667 -0.354302 0.000000
vt 1.300000 -0.379609 0.000000
vt 0.866667 -0.379609 0.000000
vt 1.300000 -0.404916 0.000000
vt 0.866667 -0.404916 0.000000
vt -0.000000 0.430224 0.000000
vt 0.433333 0.430224 0.000000
vt 0.000000 0.455531 0.000000
vt 0.433333 0.455531 0.000000
vt 0.000000 -0.455531 0.000000
vt 0.433333 -0.455531 0.000000
vt -0.000000 -0.430224 0.000000
vt 0.433333 -0.430224 0.000000
vt 0.000000 -0.404916 0.000000
vt 0.433333 -0.404916 0.000000
vt 0.000000 -0.379609 0.000000
vt 0.433333 -0.379609 0.000000
vt -0.000000 -0.354302 0.000000
vt 0.433333 -0.354302 0.000000
vt -0.000000 -0.328995 0.000000
vt 0.433333 -0.328995 0.000000
vt 0.000000 -0.303687 0.000000
vt 0.433333 -0.303687 0.000000
vt 0.000000 -0.278380 0.000000
vt 0.433333 -0.278380 0.000000
vt -0.000000 -0.253073 0.000000
vt 0.433333 -0.253073 0.000000
vt 0.000000 -0.227765 0.000000
vt 0.433333 -0.227765 0.000000
vt -0.000000 -0.202458 0.000000
vt 0.433333 -0.202458 0.000000
vt 0.000000 -0.177151 0.000000
vt 0.433333 -0.177151 0.000000
vt 0.000000 -0.151844 0.000000
vt 0.433333 -0.151844 0.000000
vt -0.000000 -0.126536 0.000000
vt 0.433333 -0.126536 0.000000
vt -0.000000 -0.101229 0.000000
vt 0.433333 -0.101229 0.000000
vt 0.000000 -0.075922 0.000000
vt 0.433333 -0.075922 0.000000
vt 0.000000 -0.050615 0.000000
vt 0.433333 -0.050615 0.000000
vt -0.000000 -0.025307 0.000000
vt 0.433333 -0.025307 0.000000
vt 0.000000 0.000000 0.000000
vt 0.433333 0.000000 0.000000
vt -0.000000 0.025307 0.000000
vt 0.433333 0.025307 0.000000
vt 0.000000 0.050615 0.000000
vt 0.433333 0.050615 0.000000
vt 0.000000 0.075922 0.000000
vt 0.433333 0.075922 0.000000
vt -0.000000 0.101229 0.000000
vt 0.433333 0.101229 0.000000
vt -0.000000 0.126536 0.000000
vt 0.433333 0.126536 0.000000
vt 0.000000 0.151844 0.000000
vt 0.433333 0.151844 0.000000
vt 0.000000 0.177151 0.000000
vt 0.433333 0.177151 0.000000
vt 0.000000 0.202458 0.000000
vt 0.433333 0.202458 0.000000
vt 0.000000 0.227765 0.000000
vt 0.433333 0.227765 0.000000
vt 0.000000 0.253073 0.000000
vt 0.433333 0.253073 0.000000
vt 0.000000 0.278380 0.000000
vt 0.433333 0.278380 0.000000
vt 0.000000 0.303687 0.000000
vt 0.433333 0.303687 0.000000
vt -0.000000 0.328995 0.000000
vt 0.433333 0.328995 0.000000
vt -0.000000 0.354302 0.000000
vt 0.433333 0.354302 0.000000
vt 0.000000 0.379609 0.000000
vt 0.433333 0.379609 0.000000
vt 0.000000 0.404916 0.000000
vt 0.433333 0.404916 0.000000
vt -0.000000 0.000000 0.000000
vt 7.369000 0.000000 0.000000
vt -0.000000 1.300000 0.000000
vt 7.369000 1.300000 0.000000
vt -1.300000 0.000000 0.000000
vt -0.000000 0.000000 0.000000
vt -1.300000 0.055440 0.000000
vt -0.000000 0.055440 0.000000
vt -1.300000 0.110880 0.000000
vt -0.000000 0.110880 0.000000
vt -1.300000 0.166320 0.000000
vt -0.000000 0.166320 0.000000
vt -1.300000 0.221759 0.000000
vt -0.000000 0.221759 0.000000
vt -1.300000 0.277199 0.000000
vt -0.000000 0.277199 0.000000
vt -1.300000 0.332639 0.000000
vt -0.000000 0.332639 0.000000
vt -1.300000 0.388079 0.000000
vt -0.000000 0.388079 0.000000
vt -1.300000 0.443519 0.000000
vt -0.000000 0.443519 0.000000
vt -1.300000 0.498959 0.000000
vt -0.000000 0.498959 0.000000
vt -1.300000 0.554399 0.000000
vt -0.000000 0.554399 0.000000
vt -1.300000 0.609839 0.000000
vt -0.000000 0.609839 0.000000
vt -1.300000 0.665278 0.000000
vt -0.000000 0.665278 0.000000
vt -1.300000 0.720718 0.000000
vt -0.000000 0.720718 0.000000
vt -1.300000 0.776158 0.000000
vt -0.000000 0.776158 0.000000
vt -1.300000 0.831598 0.000000
vt -0.000000 0.831598 0.000000
vt -1.300000 0.887038 0.000000
vt -0.000000 0.887038 0.000000
vt -1.300000 0.942478 0.000000
vt -0.000000 0.942478 0.000000
vt -0.000000 0.000000 0.000000
vt 8.888000 0.000000 0.000000
vt -0.000000 1.300000 0.000000
vt 8.888000 1.300000 0.000000
vt -1.300000 0.000000 0.000000
vt -0.000000 0.000000 0.000000
vt -1.300000 0.055440 0.000000
vt -0.000000 0.055440 0.000000
vt -1.300000 0.110880 0.000000
vt -0.000000 0.110880 0.000000
vt -1.300000 0.166320 0.000000
vt -0.000000 0.166320 0.000000
vt -1.300000 0.221759 0.000000
vt -0.000000 0.221759 0.000000
vt -1.300000 0.277199 0.000000
vt -0.000000 0.277199 0.000000
vt -1.300000 0.332639 0.000000
vt -0.000000 0.332639 0.000000
vt -1.300000 0.388079 0.000000
vt -0.000000 0.388079 0.000000
vt -1.300000 0.443519 0.000000
vt -0.000000 0.443519 0.000000
vt -1.300000 0.498959 0.000000
vt -0.000000 0.498959 0.000000
vt -1.300000 0.554399 0.000000
vt -0.000000 0.554399 0.000000
vt -1.300000 0.609839 0.000000
vt -0.000000 0.609839 0.000000
vt -1.300000 0.665278 0.000000
vt -0.000000 0.665278 0.000000
vt -1.300000 0.720718 0.000000
vt -0.000000 0.720718 0.000000
vt -1.300000 0.776158 0.000000
vt -0.000000 0.776158 0.000000
vt -1.300000 0.831598 0.000000
vt -0.000000 0.831598 0.000000
vt -1.300000 0.887038 0.000000
vt -0.000000 0.887038 0.000000
vt -1.300000 0.942478 0.000000
vt -0.000000 0.942478 0.000000
vt 0.000000 0.000000 0.000000
vt 7.369000 0.000000 0.000000
vt 0.000000 1.300000 0.000000
vt 7.369000 1.300000 0.000000
vt -1.300000 0.000000 0.000000
vt -0.000000 0.000000 0.000000
vt -1.300000 0.055440 0.000000
vt -0.000000 0.055440 0.000000
vt -1.300000 0.110880 0.000000
vt -0.000000 0.110880 0.000000
vt -1.300000 0.166320 0.000000
vt -0.000000 0.166320 0.000000
vt -1.300000 0.221759 0.000000
vt -0.000000 0.221759 0.000000
vt -1.300000 0.277199 0.000000
vt -0.000000 0.277199 0.000000
vt -1.300000 0.332639 0.000000
vt -0.000000 0.332639 0.000000
vt -1.300000 0.388079 0.000000
vt -0.000000 0.388079 0.000000
vt -1.300000 0.443519 0.000000
vt -0.000000 0.443519 0.000000
vt -1.300000 0.498959 0.000000
vt -0.000000 0.498959 0.000000
vt -1.300000 0.554399 0.000000
vt -0.000000 0.554399 0.000000
vt -1.300000 0.609839 0.000000
vt -0.000000 0.609839 0.000000
vt -1.300000 0.665278 0.000000
vt -0.000000 0.665278 0.000000
vt -1.300000 0.720718 0.000000
vt -0.000000 0.720718 0.000000
vt -1.300000 0.776158 0.000000
vt -0.000000 0.776158 0.000000
vt -1.300000 0.831598 0.000000
vt -0.000000 0.831598 0.000000
vt -1.300000 0.887038 0.000000
vt -0.000000 0.887038 0.000000
vt -1.300000 0.942478 0.000000
vt -0.000000 0.942478 0.000000
vt 6.379584 0.383762 0.000000
vt 8.888000 0.000000 0.000000
vt 6.379584 0.683762 0.000000
vt 8.888000 1.300000 0.000000
vt 6.378064 0.701127 0.000000
vt 6.373553 0.717964 0.000000
vt 6.366186 0.733762 0.000000
vt 6.356188 0.748040 0.000000
vt 6.343862 0.760366 0.000000
vt 6.329584 0.770364 0.000000
vt 6.313786 0.777731 0.000000
vt 6.296949 0.782242 0.000000
vt 6.279584 0.783762 0.000000
vt 5.179584 0.783762 0.000000
vt 0.000000 1.300000 0.000000
vt 5.162219 0.782242 0.000000
vt 5.145382 0.777731 0.000000
vt 5.129584 0.770364 0.000000
vt 5.115305 0.760366 0.000000
vt 5.102979 0.748040 0.000000
vt 5.092981 0.733762 0.000000
vt 5.085614 0.717964 0.000000
vt 5.081103 0.701127 0.000000
vt 5.079584 0.683762 0.000000
vt 0.000000 0.000000 0.000000
vt 5.079584 0.383762 0.000000
vt 5.081103 0.366397 0.000000
vt 5.085614 0.349560 0.000000
vt 5.092981 0.333762 0.000000
vt 5.102979 0.319483 0.000000
vt 5.115305 0.307157 0.000000
vt 5.129584 0.297159 0.000000
vt 5.145382 0.289792 0.000000
vt 5.162219 0.285281 0.000000
vt 5.179584 0.283762 0.000000
vt 6.279584 0.283762 0.000000
vt 6.296949 0.285281 0.000000
vt 6.313786 0.289792 0.000000
vt 6.329584 0.297159 0.000000
vt 6.343862 0.307157 0.000000
vt 6.356188 0.319483 0.000000
vt 6.366186 0.333762 0.000000
vt 6.373553 0.349560 0.000000
vt 6.378064 0.366397 0.000000
vt -1.300000 0.000000 0.000000
vt -0.000000 0.000000 0.000000
vt -1.300000 0.055440 0.000000
vt -0.000000 0.055440 0.000000
vt -1.300000 0.110880 0.000000
vt -0.000000 0.110880 0.000000
vt -1.300000 0.166320 0.000000
vt -0.000000 0.166320 0.000000
vt -1.300000 0.221759 0.000000
vt -0.000000 0.221759 0.000000
vt -1.300000 0.277199 0.000000
vt -0.000000 0.277199 0.000000
vt -1.300000 0.332639 0.000000
vt -0.000000 0.332639 0.000000
vt -1.300000 0.388079 0.000000
vt -0.000000 0.388079 0.000000
vt -1.300000 0.443519 0.000000
vt -0.000000 0.443519 0.000000
vt -1.300000 0.498959 0.000000
vt -0.000000 0.498959 0.000000
vt -1.300000 0.554399 0.000000
vt -0.000000 0.554399 0.000000
vt -1.300000 0.609839 0.000000
vt -0.000000 0.609839 0.000000
vt -1.300000 0.665278 0.000000
vt -0.000000 0.665278 0.000000
vt -1.300000 0.720718 0.000000
vt -0.000000 0.720718 0.000000
vt -1.300000 0.776158 0.000000
vt -0.000000 0.776158 0.000000
vt -1.300000 0.831598 0.000000
vt -0.000000 0.831598 0.000000
vt -1.300000 0.887038 0.000000
vt -0.000000 0.887038 0.000000
vt -1.300000 0.942478 0.000000
vt -0.000000 0.942478 0.000000
vt 4.686797 -3.809742 0.000000
vt 5.021095 -3.848698 0.000000
vt 4.689000 -3.784563 0.000000
vt 5.033784 -3.794750 0.000000
vt 4.686797 -3.759384 0.000000
vt 5.041441 -3.739861 0.000000
vt 4.680255 -3.734970 0.000000
vt 5.044000 -3.684500 0.000000
vt 4.669574 -3.712063 0.000000
vt 4.655076 -3.691359 0.000000
vt 4.637204 -3.673486 0.000000
vt 4.616500 -3.658989 0.000000
vt 4.593593 -3.648308 0.000000
vt 4.569179 -3.641766 0.000000
vt 4.569179 3.641703 0.000000
vt 4.544000 3.639500 0.000000
vt 5.003483 -3.901245 0.000000
vt 4.680255 -3.834156 0.000000
vt 4.981098 -3.951943 0.000000
vt 4.669574 -3.857063 0.000000
vt 4.954130 -4.000359 0.000000
vt 4.655076 -3.877767 0.000000
vt 4.922810 -4.046081 0.000000
vt 4.637204 -3.895639 0.000000
vt 4.887405 -4.088717 0.000000
vt 4.848217 -4.127905 0.000000
vt 4.616500 -3.910137 0.000000
vt 4.805581 -4.163310 0.000000
vt 4.593593 -3.920818 0.000000
vt 4.759859 -4.194630 0.000000
vt 4.569179 -3.927360 0.000000
vt 4.711443 -4.221598 0.000000
vt 4.660745 -4.243983 0.000000
vt 4.544000 -3.929563 0.000000
vt 4.608198 -4.261595 0.000000
vt 4.554250 -4.274284 0.000000
vt 4.518821 -3.927360 0.000000
vt 4.499361 -4.281941 0.000000
vt 4.444000 -4.284500 0.000000
vt 4.494407 -3.920818 0.000000
vt 4.471500 -3.910137 0.000000
vt 4.450796 -3.895639 0.000000
vt 4.432924 -3.877767 0.000000
vt 4.418426 -3.857063 0.000000
vt 4.407745 -3.834156 0.000000
vt 4.401203 -3.809742 0.000000
vt -4.444000 -4.284500 0.000000
vt -4.401203 -3.809679 0.000000
vt -4.407745 -3.834093 0.000000
vt 4.399000 -3.784563 0.000000
vt -4.399000 -3.784500 0.000000
vt 4.401203 -3.759384 0.000000
vt -4.401203 -3.759321 0.000000
vt 4.407745 -3.734970 0.000000
vt -4.407745 -3.734907 0.000000
vt 4.418426 -3.712063 0.000000
vt -4.418426 -3.712000 0.000000
vt 4.432924 -3.691359 0.000000
vt -4.432924 -3.691296 0.000000
vt 4.450796 -3.673486 0.000000
vt -4.450796 -3.673424 0.000000
vt 4.450796 3.673424 0.000000
vt -4.450796 3.673424 0.000000
vt -4.432924 3.691296 0.000000
vt 4.432924 3.691296 0.000000
vt -4.418427 3.712000 0.000000
vt 4.418426 3.712000 0.000000
vt -4.407745 3.734907 0.000000
vt 4.407745 3.734907 0.000000
vt -4.401203 3.759321 0.000000
vt 4.401203 3.759321 0.000000
vt -4.399000 3.784500 0.000000
vt 4.399000 3.784500 0.000000
vt -4.401203 3.809679 0.000000
vt 4.401203 3.809679 0.000000
vt -4.444000 4.284500 0.000000
vt 4.444000 4.284500 0.000000
vt 4.407745 3.834093 0.000000
vt 4.418426 3.857000 0.000000
vt 4.471500 3.658926 0.000000
vt 4.471500 -3.658989 0.000000
vt 4.494407 3.648245 0.000000
vt 4.494407 -3.648308 0.000000
vt 4.518821 3.641703 0.000000
vt 4.518821 -3.641766 0.000000
vt 4.544000 -3.639563 0.000000
vt 4.686797 3.759321 0.000000
vt 5.033784 3.794750 0.000000
vt 4.689000 3.784500 0.000000
vt 5.021095 3.848698 0.000000
vt 4.686797 3.809679 0.000000
vt 5.003483 3.901245 0.000000
vt 4.680256 3.834093 0.000000
vt 4.981098 3.951943 0.000000
vt 4.669574 3.857000 0.000000
vt 4.954130 4.000359 0.000000
vt 4.655077 3.877704 0.000000
vt 4.922810 4.046081 0.000000
vt 4.637204 3.895576 0.000000
vt 4.887405 4.088717 0.000000
vt 4.848217 4.127905 0.000000
vt 5.041441 3.739861 0.000000
vt 4.680256 3.734907 0.000000
vt 5.044000 3.684500 0.000000
vt 4.669574 3.712000 0.000000
vt 4.655077 3.691296 0.000000
vt 4.637204 3.673424 0.000000
vt 4.616500 3.658926 0.000000
vt 4.593593 3.648245 0.000000
vt 4.432924 3.877704 0.000000
vt 4.450796 3.895576 0.000000
vt 4.471500 3.910074 0.000000
vt 4.494407 3.920755 0.000000
vt 4.518821 3.927297 0.000000
vt 4.499361 4.281941 0.000000
vt 4.554250 4.274284 0.000000
vt 4.544000 3.929500 0.000000
vt 4.608198 4.261595 0.000000
vt 4.660745 4.243983 0.000000
vt 4.569179 3.927297 0.000000
vt 4.711443 4.221598 0.000000
vt 4.759859 4.194630 0.000000
vt 4.593593 3.920755 0.000000
vt 4.805581 4.163310 0.000000
vt 4.616500 3.910074 0.000000
vt -4.471500 -3.658926 0.000000
vt -4.471500 3.658926 0.000000
vt -4.494407 -3.648245 0.000000
vt -4.494407 3.648245 0.000000
vt -4.518821 3.641703 0.000000
vt -4.518821 -3.641703 0.000000
vt -4.544000 3.639500 0.000000
vt -4.544000 -3.639500 0.000000
vt -4.569179 -3.641703 0.000000
vt -4.569179 3.641703 0.000000
vt -5.044000 -3.684500 0.000000
vt -5.044000 3.684500 0.000000
vt -4.593593 3.648245 0.000000
vt -4.616500 3.658926 0.000000
vt -4.637204 3.673424 0.000000
vt -4.655077 3.691296 0.000000
vt -4.669574 3.712000 0.000000
vt -4.680256 3.734907 0.000000
vt -5.041441 3.739861 0.000000
vt -4.686797 3.759321 0.000000
vt -5.033784 3.794750 0.000000
vt -4.689000 3.784500 0.000000
vt -5.021095 3.848698 0.000000
vt -4.686797 3.809679 0.000000
vt -5.003483 3.901245 0.000000
vt -4.680256 3.834093 0.000000
vt -4.981098 3.951943 0.000000
vt -4.669574 3.857000 0.000000
vt -4.954130 4.000359 0.000000
vt -4.655077 3.877704 0.000000
vt -4.922810 4.046081 0.000000
vt -4.637204 3.895576 0.000000
vt -4.887405 4.088717 0.000000
vt -4.848217 4.127905 0.000000
vt -4.616500 3.910074 0.000000
vt -4.805581 4.163310 0.000000
vt -4.593593 3.920755 0.000000
vt -4.759859 4.194630 0.000000
vt -4.569179 3.927297 0.000000
vt -4.711443 4.221598 0.000000
vt -4.660745 4.243983 0.000000
vt -4.544000 3.929500 0.000000
vt -4.608198 4.261595 0.000000
vt -4.554250 4.274284 0.000000
vt -4.518821 3.927297 0.000000
vt -4.499361 4.281941 0.000000
vt -4.494407 3.920755 0.000000
vt -4.471500 3.910074 0.000000
vt -4.450796 3.895576 0.000000
vt -4.432924 3.877704 0.000000
vt -4.418427 3.857000 0.000000
vt -4.407745 3.834093 0.000000
vt -4.418426 -3.857000 0.000000
vt -4.432924 -3.877704 0.000000
vt -4.450796 -3.895576 0.000000
vt -4.471500 -3.910074 0.000000
vt -4.494407 -3.920755 0.000000
vt -4.518821 -3.927297 0.000000
vt -4.544000 -3.929500 0.000000
vt -4.554250 -4.274284 0.000000
vt -4.499361 -4.281941 0.000000
vt -4.569179 -3.927297 0.000000
vt -4.660745 -4.243983 0.000000
vt -4.608198 -4.261595 0.000000
vt -4.593593 -3.920755 0.000000
vt -4.759859 -4.194630 0.000000
vt -4.711443 -4.221598 0.000000
vt -4.805581 -4.163310 0.000000
vt -4.616500 -3.910074 0.000000
vt -4.848217 -4.127905 0.000000
vt -4.637204 -3.895576 0.000000
vt -4.887405 -4.088717 0.000000
vt -4.922810 -4.046081 0.000000
vt -4.655076 -3.877704 0.000000
vt -4.954130 -4.000359 0.000000
vt -4.669574 -3.857000 0.000000
vt -4.981098 -3.951943 0.000000
vt -4.680255 -3.834093 0.000000
vt -5.003483 -3.901245 0.000000
vt -4.686797 -3.809679 0.000000
vt -5.021095 -3.848698 0.000000
vt -4.689000 -3.784500 0.000000
vt -5.033784 -3.794750 0.000000
vt -4.686797 -3.759321 0.000000
vt -5.041441 -3.739861 0.000000
vt -4.680255 -3.734907 0.000000
vt -4.669574 -3.712000 0.000000
vt -4.655076 -3.691296 0.000000
vt -4.637204 -3.673424 0.000000
vt -4.616500 -3.658926 0.000000
vt -4.593593 -3.648245 0.000000
vn 0.067678 -0.000000 0.073619
vn 0.064279 -0.000000 0.076604
vn 0.054626 -0.000000 0.083762
vn 0.050000 -0.000000 0.086603
vn 0.054626 -0.000000 0.083762
vn 0.041997 -0.000000 0.090754
vn 0.034202 -0.000000 0.093969
vn 0.028494 -0.000000 0.095854
vn 0.017365 -0.000000 0.098481
vn 0.014397 -0.000000 0.098958
vn 0.000000 -0.000000 0.100000
vn 0.017365 -0.000000 0.098481
vn 0.000000 -0.000000 0.100000
vn 0.017365 -0.000000 0.098481
vn 0.034202 -0.000000 0.093969
vn 0.034202 -0.000000 0.093969
vn 0.050000 -0.000000 0.086603
vn 0.050000 -0.000000 0.086603
vn 0.064279 -0.000000 0.076604
vn 0.064279 -0.000000 0.076604
vn 0.076604 -0.000000 0.064279
vn 0.076604 -0.000000 0.064279
vn 0.086603 -0.000000 0.050000
vn 0.086603 -0.000000 0.050000
vn 0.093969 -0.000000 0.034202
vn 0.093969 -0.000000 0.034202
vn 0.098481 -0.000000 0.017365
vn 0.098481 -0.000000 0.017365
vn 0.100000 0.000000 0.000000
vn 0.098481 -0.000000 0.017365
vn 0.098634 -0.000000 0.016473
vn 0.094573 -0.000000 0.032496
vn 0.093969 -0.000000 0.034202
vn 0.087928 -0.000000 0.047631
vn 0.086603 -0.000000 0.050000
vn 0.078880 -0.000000 0.061465
vn 0.076604 -0.000000 0.064279
vn 0.100000 0.000000 0.000000
vn 0.000000 -0.100000 0.000000
vn 0.000000 -0.100000 0.000000
vn 0.000000 -0.100000 0.000000
vn 0.000000 -0.100000 0.000000
vn 0.000000 -0.100000 0.000000
vn 0.000000 -0.100000 0.000000
vn 0.000000 -0.100000 0.000000
vn 0.000000 -0.100000 0.000000
vn 0.000000 -0.100000 0.000000
vn 0.000000 -0.100000 0.000000
vn -0.054626 0.000000 0.083762
vn -0.050000 0.000000 0.086603
vn -0.054626 0.000000 0.083762
vn -0.064279 0.000000 0.076604
vn -0.067678 0.000000 0.073619
vn -0.076604 0.000000 0.064279
vn -0.078880 0.000000 0.061465
vn -0.086603 0.000000 0.050000
vn -0.087928 0.000000 0.047631
vn -0.093969 0.000000 0.034202
vn -0.094573 0.000000 0.032496
vn -0.098481 0.000000 0.017365
vn -0.098634 0.000000 0.016473
vn -0.100000 0.000000 0.000000
vn -0.098481 0.000000 0.017365
vn -0.100000 0.000000 0.000000
vn -0.098481 0.000000 0.017365
vn -0.093969 0.000000 0.034202
vn -0.093969 0.000000 0.034202
vn -0.086603 0.000000 0.050000
vn -0.086603 0.000000 0.050000
vn -0.076604 0.000000 0.064279
vn -0.076604 0.000000 0.064279
vn -0.064279 0.000000 0.076604
vn -0.064279 0.000000 0.076604
vn -0.050000 0.000000 0.086603
vn -0.050000 0.000000 0.086603
vn -0.034202 0.000000 0.093969
vn -0.034202 0.000000 0.093969
vn -0.017365 0.000000 0.098481
vn -0.017365 0.000000 0.098481
vn 0.000000 -0.000000 0.100000
vn -0.017365 0.000000 0.098481
vn -0.014397 0.000000 0.098958
vn -0.028494 0.000000 0.095854
vn -0.034202 0.000000 0.093969
vn -0.041997 0.000000 0.090754
vn 0.000000 -0.000000 0.100000
vn -0.100000 0.000000 0.000000
vn -0.100000 0.000000 0.000000
vn -0.017365 0.000000 -0.098481
vn -0.017365 0.000000 -0.098481
vn -0.000000 0.000000 -0.100000
vn -0.017365 0.000000 -0.098481
vn -0.000000 0.000000 -0.100000
vn -0.017365 0.000000 -0.098481
vn -0.034202 0.000000 -0.093969
vn -0.034202 0.000000 -0.093969
vn -0.050000 0.000000 -0.086603
vn -0.050000 0.000000 -0.086603
vn -0.064279 0.000000 -0.076604
vn -0.064279 0.000000 -0.076604
vn -0.076604 0.000000 -0.064279
vn -0.076604 0.000000 -0.064279
vn -0.086603 0.000000 -0.050000
vn -0.086603 0.000000 -0.050000
vn -0.093969 0.000000 -0.034202
vn -0.093969 0.000000 -0.034202
vn -0.098481 0.000000 -0.017365
vn -0.098481 0.000000 -0.017365
vn -0.098481 0.000000 -0.017365
vn -0.098481 0.000000 -0.017365
vn -0.093969 0.000000 -0.034202
vn -0.093969 0.000000 -0.034202
vn -0.086603 0.000000 -0.050000
vn -0.086603 0.000000 -0.050000
vn -0.076604 0.000000 -0.064279
vn -0.076604 0.000000 -0.064279
vn -0.064279 0.000000 -0.076604
vn -0.064279 0.000000 -0.076604
vn -0.050000 0.000000 -0.086603
vn -0.050000 0.000000 -0.086603
vn -0.034202 0.000000 -0.093969
vn -0.034202 0.000000 -0.093969
vn -0.000000 0.000000 -0.100000
vn -0.000000 0.000000 -0.100000
vn 0.098481 0.000000 -0.017365
vn 0.098481 0.000000 -0.017365
vn 0.100000 0.000000 -0.000000
vn 0.098481 0.000000 -0.017365
vn 0.100000 0.000000 -0.000000
vn 0.098481 0.000000 -0.017365
vn 0.093969 0.000000 -0.034202
vn 0.093969 0.000000 -0.034202
vn 0.086603 0.000000 -0.050000
vn 0.086603 0.000000 -0.050000
vn 0.076604 0.000000 -0.064279
vn 0.076604 0.000000 -0.064279
vn 0.064279 0.000000 -0.076604
vn 0.064279 0.000000 -0.076604
vn 0.050000 0.000000 -0.086603
vn 0.050000 0.000000 -0.086603
vn 0.034202 0.000000 -0.093969
vn 0.034202 0.000000 -0.093969
vn 0.017365 0.000000 -0.098481
vn 0.017365 0.000000 -0.098481
vn 0.017365 0.000000 -0.098481
vn 0.017365 0.000000 -0.098481
vn 0.034202 0.000000 -0.093969
vn 0.034202 0.000000 -0.093969
vn 0.050000 0.000000 -0.086603
vn 0.050000 0.000000 -0.086603
vn 0.064279 0.000000 -0.076604
vn 0.064279 0.000000 -0.076604
vn 0.076604 0.000000 -0.064279
vn 0.076604 0.000000 -0.064279
vn 0.086603 0.000000 -0.050000
vn 0.086603 0.000000 -0.050000
vn 0.093969 0.000000 -0.034202
vn 0.093969 0.000000 -0.034202
vn 0.000000 0.000000 0.100000
vn 0.000000 0.000000 0.100000
vn 0.000000 0.000000 0.100000
vn 0.000000 0.000000 0.100000
vn 0.000000 0.000000 0.100000
vn 0.000000 0.000000 0.100000
vn 0.000000 0.000000 0.100000
vn 0.000000 0.000000 0.100000
vn 0.000000 -0.100000 0.000000
vn 0.000000 -0.100000 0.000000
vn 0.000000 -0.100000 0.000000
vn 0.000000 -0.100000 0.000000
vn -0.100000 0.000000 0.000000
vn -0.100000 0.000000 0.000000
vn -0.100000 0.000000 0.000000
vn -0.100000 0.000000 0.000000
vn 0.100000 0.000000 0.000000
vn 0.100000 0.000000 0.000000
vn 0.100000 0.000000 0.000000
vn 0.100000 0.000000 0.000000
vn 0.000000 0.100000 0.000000
vn 0.000000 0.100000 0.000000
vn 0.000000 0.100000 0.000000
vn 0.000000 0.100000 0.000000
vn 0.000000 0.100000 0.000000
vn 0.000000 0.100000 0.000000
vn 0.000000 0.100000 0.000000
vn 0.000000 0.100000 0.000000
vn 0.000000 0.100000 0.000000
vn 0.000000 0.100000 0.000000
vn 0.000000 0.100000 0.000000
vn 0.000000 0.100000 0.000000
vn 0.000000 0.100000 0.000000
vn 0.000000 0.100000 0.000000
vn 0.000000 0.100000 0.000000
vn 0.000000 0.100000 0.000000
vn 0.000000 0.100000 0.000000
vn 0.000000 0.100000 0.000000
vn 0.000000 0.100000 0.000000
vn 0.000000 0.100000 0.000000
vn 0.000000 0.100000 0.000000
vn 0.000000 0.100000 0.000000
vn 0.000000 0.100000 0.000000
vn 0.000000 0.100000 0.000000
vn 0.000000 0.100000 0.000000
vn 0.000000 0.100000 0.000000
vn 0.000000 0.100000 0.000000
vn 0.000000 0.100000 0.000000
vn 0.000000 0.100000 0.000000
vn 0.000000 0.100000 0.000000
vn 0.000000 0.100000 0.000000
vn 0.000000 0.100000 0.000000
vn 0.000000 0.100000 0.000000
vn 0.000000 0.100000 0.000000
vn 0.000000 0.100000 0.000000
vn 0.000000 0.100000 0.000000
vn 0.000000 0.100000 0.000000
vn 0.000000 0.100000 0.000000
vn 0.000000 0.000000 0.100000
vn 0.000000 0.000000 0.100000
vn 0.000000 0.000000 0.100000
vn 0.000000 0.000000 0.100000
vn 0.000000 0.000000 0.100000
vn 0.000000 0.000000 0.100000
vn 0.000000 0.000000 0.100000
vn 0.000000 0.000000 0.100000
vn 0.000000 0.000000 0.100000
vn 0.000000 0.000000 0.100000
vn 0.000000 0.000000 0.100000
vn 0.000000 0.000000 0.100000
vn 0.000000 0.000000 0.100000
vn 0.000000 0.000000 0.100000
vn 0.000000 0.000000 0.100000
vn 0.000000 0.000000 0.100000
vn 0.000000 0.000000 0.100000
vn 0.000000 0.000000 0.100000
vn 0.000000 0.000000 0.100000
vn 0.000000 0.000000 0.100000
vn 0.000000 0.000000 0.100000
vn 0.000000 0.000000 0.100000
vn 0.000000 0.000000 0.100000
vn 0.000000 0.000000 0.100000
vn 0.000000 0.000000 0.100000
vn 0.000000 0.000000 0.100000
vn 0.000000 0.000000 0.100000
vn 0.000000 0.000000 0.100000
vn 0.000000 0.000000 0.100000
vn 0.000000 0.000000 0.100000
vn 0.000000 0.000000 0.100000
vn 0.000000 0.000000 0.100000
vn 0.000000 0.000000 0.100000
vn 0.000000 0.000000 0.100000
vn 0.000000 0.000000 0.100000
vn 0.000000 0.000000 0.100000
vn 0.000000 0.000000 0.100000
vn 0.000000 0.000000 0.100000
vn 0.000000 0.000000 0.100000
vn 0.000000 0.000000 0.100000
vn 0.000000 0.000000 0.100000
vn 0.000000 0.000000 0.100000
vn 0.000000 0.000000 0.100000
vn 0.000000 0.000000 0.100000
vn 0.000000 0.000000 0.100000
vn 0.000000 0.000000 0.100000
vn 0.000000 0.000000 0.100000
vn 0.000000 0.000000 0.100000
vn 0.000000 0.000000 0.100000
vn 0.000000 0.000000 0.100000
vn 0.000000 0.000000 0.100000
vn 0.000000 0.000000 0.100000
vn 0.000000 0.000000 0.100000
vn 0.000000 0.000000 0.100000
vn 0.000000 0.000000 0.100000
vn 0.000000 0.000000 0.100000
vn 0.000000 0.000000 0.100000
vn 0.000000 0.000000 0.100000
vn 0.000000 0.000000 0.100000
vn 0.000000 0.000000 0.100000
vn 0.000000 0.000000 0.100000
vn 0.000000 0.000000 0.100000
vn 0.000000 0.000000 0.100000
vn 0.000000 0.000000 0.100000
vn 0.000000 0.000000 0.100000
vn 0.000000 0.000000 0.100000
vn 0.000000 0.000000 0.100000
vn 0.000000 0.000000 0.100000
vn 0.000000 0.000000 0.100000
vn 0.000000 0.000000 0.100000
vn 0.000000 0.000000 0.100000
vn 0.000000 0.000000 0.100000
vn 0.000000 0.000000 0.100000
vn 0.000000 0.000000 0.100000
vn 0.000000 0.000000 0.100000
vn 0.000000 0.000000 0.100000
vn 0.000000 0.000000 0.100000
vn 0.000000 0.000000 0.100000
vn 0.000000 0.000000 0.100000
vn 0.000000 0.000000 0.100000
vn 0.000000 0.000000 0.100000
vn 0.000000 0.000000 0.100000
vn 0.000000 0.000000 0.100000
vn 0.000000 0.000000 0.100000
vn 0.000000 0.000000 0.100000
vn 0.000000 0.000000 0.100000
vn 0.000000 0.000000 0.100000
vn 0.000000 0.000000 0.100000
vn 0.000000 0.000000 0.100000
vn 0.000000 0.000000 0.100000
vn 0.000000 0.000000 0.100000
vn 0.000000 0.000000 0.100000
vn 0.000000 0.000000 0.100000
vn 0.000000 0.000000 0.100000
vn 0.000000 0.000000 0.100000
vn 0.000000 0.000000 0.100000
vn 0.000000 0.000000 0.100000
vn 0.000000 0.000000 0.100000
vn 0.000000 0.000000 0.100000
vn 0.000000 0.000000 0.100000
vn 0.000000 0.000000 0.100000
vn 0.000000 0.000000 0.100000
vn 0.000000 0.000000 0.100000
vn 0.000000 0.000000 0.100000
vn 0.000000 0.000000 0.100000
vn 0.000000 0.000000 0.100000
vn 0.000000 0.000000 0.100000
vn 0.000000 0.000000 0.100000
vn 0.000000 0.000000 0.100000
vn 0.000000 0.000000 0.100000
vn 0.000000 0.000000 0.100000
vn 0.000000 0.000000 0.100000
vn 0.000000 0.000000 0.100000
vn 0.000000 0.000000 0.100000
vn 0.000000 0.000000 0.100000
vn 0.000000 0.000000 0.100000
vn 0.000000 0.000000 0.100000
vn 0.000000 0.000000 0.100000
vn 0.000000 0.000000 0.100000
vn 0.000000 0.000000 0.100000
vn 0.000000 0.000000 0.100000
vn 0.000000 0.000000 0.100000
vn 0.000000 0.000000 0.100000
vn 0.000000 0.000000 0.100000
vn 0.000000 0.000000 0.100000
vn 0.000000 0.000000 0.100000
vn 0.000000 0.000000 0.100000
vn 0.000000 0.000000 0.100000
vn 0.000000 0.000000 0.100000
vn 0.000000 0.000000 0.100000
vn 0.000000 0.000000 0.100000
vn 0.000000 0.000000 0.100000
vn 0.000000 0.000000 0.100000
vn 0.000000 0.000000 0.100000
vn 0.000000 0.000000 0.100000
vn 0.000000 0.000000 0.100000
vn 0.000000 0.000000 0.100000
vn 0.000000 0.000000 0.100000
vn 0.000000 0.000000 0.100000
vn 0.000000 0.000000 0.100000
vn 0.000000 0.000000 0.100000
vn 0.000000 0.000000 0.100000
vn 0.000000 0.000000 0.100000
vn 0.000000 0.000000 0.100000
vn 0.000000 0.000000 0.100000
vn 0.000000 0.000000 0.100000
vn 0.000000 0.000000 0.100000
vn 0.000000 0.000000 0.100000
vn 0.000000 0.000000 0.100000
vn 0.000000 0.000000 0.100000
vn 0.000000 0.000000 0.100000
vn 0.000000 0.000000 0.100000
vn 0.000000 0.000000 0.100000
vn 0.000000 0.000000 0.100000
vn 0.000000 0.000000 0.100000
vn 0.000000 0.000000 0.100000
vn 0.000000 0.000000 0.100000
vn 0.000000 0.000000 0.100000
vn 0.000000 0.000000 0.100000
vn 0.000000 0.000000 0.100000
vn 0.000000 0.000000 0.100000
vn 0.000000 0.000000 0.100000
vn 0.000000 0.000000 0.100000
vn 0.000000 0.000000 0.100000
vn 0.000000 0.000000 0.100000
vn 0.000000 0.000000 0.100000
vn 0.000000 0.000000 0.100000
vn 0.000000 0.000000 0.100000
vn 0.000000 0.000000 0.100000
vn 0.000000 0.000000 0.100000
vn 0.000000 0.000000 0.100000
vn 0.000000 0.000000 0.100000
vn 0.000000 0.000000 0.100000
vn 0.000000 0.000000 0.100000
vn 0.000000 0.000000 0.100000
vn 0.000000 0.000000 0.100000
vn 0.000000 0.000000 0.100000
vn 0.000000 0.000000 0.100000
vn 0.000000 0.000000 0.100000
vn 0.000000 0.000000 0.100000
vn 0.000000 0.000000 0.100000
vn 0.000000 0.000000 0.100000
vn 0.000000 0.000000 0.100000
vn 0.000000 0.000000 0.100000
vn 0.000000 0.000000 0.100000
vn 0.000000 0.000000 0.100000
vn 0.000000 0.000000 0.100000
vn 0.000000 0.000000 0.100000
vn 0.000000 0.000000 0.100000
vn 0.000000 0.000000 0.100000
vn 0.000000 0.000000 0.100000
vn 0.000000 0.000000 0.100000
vn 0.000000 0.000000 0.100000
vn 0.000000 0.000000 0.100000
vn 0.000000 0.000000 0.100000
vn 0.000000 0.000000 0.100000
vn 0.000000 0.000000 0.100000
vn 0.000000 0.000000 0.100000
vn 0.000000 0.000000 0.100000
vn 0.000000 0.000000 0.100000
vn 0.000000 0.000000 0.100000
vn 0.000000 0.000000 0.100000
vn 0.000000 0.000000 0.100000
vn 0.000000 0.000000 0.100000
vn 0.000000 0.000000 0.100000
vn 0.000000 0.000000 0.100000
vn 0.000000 0.000000 0.100000
vn 0.000000 0.000000 0.100000
vn 0.000000 0.000000 0.100000
vn 0.000000 0.000000 0.100000
vn 0.000000 0.000000 0.100000
vn 0.000000 0.000000 0.100000
vn 0.000000 0.000000 0.100000
vn 0.000000 0.000000 0.100000
vn 0.000000 0.000000 0.100000
vn 0.000000 0.000000 0.100000
vn 0.000000 0.000000 0.100000
vn 0.000000 0.000000 0.100000
vn 0.000000 0.000000 0.100000
vn 0.000000 0.000000 0.100000
vn 0.098481 0.017365 0.000000
vn 0.098481 0.017365 0.000000
vn 0.100000 0.000000 0.000000
vn 0.100000 0.000000 0.000000
vn 0.098481 -0.017365 0.000000
vn 0.098481 -0.017365 0.000000
vn 0.093969 -0.034202 0.000000
vn 0.093969 -0.034202 0.000000
vn 0.086603 -0.050000 0.000000
vn 0.086603 -0.050000 0.000000
vn 0.076604 -0.064279 0.000000
vn 0.076604 -0.064279 0.000000
vn 0.064279 -0.076604 0.000000
vn 0.064279 -0.076604 0.000000
vn 0.050000 -0.086603 0.000000
vn 0.050000 -0.086603 0.000000
vn 0.034202 -0.093969 0.000000
vn 0.034202 -0.093969 0.000000
vn 0.017365 -0.098481 0.000000
vn 0.017365 -0.098481 0.000000
vn -0.000000 -0.100000 0.000000
vn -0.000000 -0.100000 0.000000
vn -0.017365 -0.098481 0.000000
vn -0.017365 -0.098481 0.000000
vn -0.034202 -0.093969 0.000000
vn -0.034202 -0.093969 0.000000
vn -0.050000 -0.086603 0.000000
vn -0.050000 -0.086603 0.000000
vn -0.064279 -0.076604 0.000000
vn -0.064279 -0.076604 0.000000
vn -0.076604 -0.064279 0.000000
vn -0.076604 -0.064279 0.000000
vn -0.086603 -0.050000 0.000000
vn -0.086603 -0.050000 0.000000
vn -0.093969 -0.034202 0.000000
vn -0.093969 -0.034202 0.000000
vn -0.098481 -0.017365 0.000000
vn -0.098481 -0.017365 0.000000
vn -0.100000 0.000000 0.000000
vn -0.100000 0.000000 0.000000
vn -0.098481 0.017365 0.000000
vn -0.098481 0.017365 0.000000
vn -0.093969 0.034202 0.000000
vn -0.093969 0.034202 0.000000
vn -0.086603 0.050000 0.000000
vn -0.086603 0.050000 0.000000
vn -0.076604 0.064279 0.000000
vn -0.076604 0.064279 0.000000
vn -0.064279 0.076604 0.000000
vn -0.064279 0.076604 0.000000
vn -0.050000 0.086603 0.000000
vn -0.050000 0.086603 0.000000
vn -0.034202 0.093969 0.000000
vn -0.034202 0.093969 0.000000
vn -0.017365 0.098481 0.000000
vn -0.017365 0.098481 0.000000
vn -0.000000 0.100000 0.000000
vn -0.000000 0.100000 0.000000
vn 0.017365 0.098481 0.000000
vn 0.017365 0.098481 0.000000
vn 0.034202 0.093969 0.000000
vn 0.034202 0.093969 0.000000
vn 0.050000 0.086603 0.000000
vn 0.050000 0.086603 0.000000
vn 0.064279 0.076604 0.000000
vn 0.064279 0.076604 0.000000
vn 0.076604 0.064279 0.000000
vn 0.076604 0.064279 0.000000
vn 0.086603 0.050000 0.000000
vn 0.086603 0.050000 0.000000
vn 0.093969 0.034202 0.000000
vn 0.093969 0.034202 0.000000
vn 0.098481 -0.017365 0.000000
vn 0.098481 -0.017365 0.000000
vn 0.100000 -0.000000 0.000000
vn 0.100000 -0.000000 0.000000
vn 0.098481 0.017365 0.000000
vn 0.098481 0.017365 0.000000
vn 0.093969 0.034202 0.000000
vn 0.093969 0.034202 0.000000
vn 0.086603 0.050000 0.000000
vn 0.086603 0.050000 0.000000
vn 0.076604 0.064279 0.000000
vn 0.076604 0.064279 0.000000
vn 0.064279 0.076604 0.000000
vn 0.064279 0.076604 0.000000
vn 0.050000 0.086603 0.000000
vn 0.050000 0.086603 0.000000
vn 0.034202 0.093969 0.000000
vn 0.034202 0.093969 0.000000
vn 0.017365 0.098481 0.000000
vn 0.017365 0.098481 0.000000
vn -0.000000 0.100000 0.000000
vn -0.000000 0.100000 0.000000
vn -0.017365 0.098481 0.000000
vn -0.017365 0.098481 0.000000
vn -0.034202 0.093969 0.000000
vn -0.034202 0.093969 0.000000
vn -0.050000 0.086603 0.000000
vn -0.050000 0.086603 0.000000
vn -0.064279 0.076604 0.000000
vn -0.064279 0.076604 0.000000
vn -0.076604 0.064279 0.000000
vn -0.076604 0.064279 0.000000
vn -0.086603 0.050000 0.000000
vn -0.086603 0.050000 0.000000
vn -0.093969 0.034202 0.000000
vn -0.093969 0.034202 0.000000
vn -0.098481 0.017365 0.000000
vn -0.098481 0.017365 0.000000
vn -0.100000 0.000000 0.000000
vn -0.100000 0.000000 0.000000
vn -0.098481 -0.017365 0.000000
vn -0.098481 -0.017365 0.000000
vn -0.093969 -0.034202 0.000000
vn -0.093969 -0.034202 0.000000
vn -0.086603 -0.050000 0.000000
vn -0.086603 -0.050000 0.000000
vn -0.076604 -0.064279 0.000000
vn -0.076604 -0.064279 0.000000
vn -0.064279 -0.076604 0.000000
vn -0.064279 -0.076604 0.000000
vn -0.050000 -0.086603 0.000000
vn -0.050000 -0.086603 0.000000
vn -0.034202 -0.093969 0.000000
vn -0.034202 -0.093969 0.000000
vn -0.017365 -0.098481 0.000000
vn -0.017365 -0.098481 0.000000
vn -0.000000 -0.100000 0.000000
vn -0.000000 -0.100000 0.000000
vn 0.017365 -0.098481 0.000000
vn 0.017365 -0.098481 0.000000
vn 0.034202 -0.093969 0.000000
vn 0.034202 -0.093969 0.000000
vn 0.050000 -0.086603 0.000000
vn 0.050000 -0.086603 0.000000
vn 0.064279 -0.076604 0.000000
vn 0.064279 -0.076604 0.000000
vn 0.076604 -0.064279 0.000000
vn 0.076604 -0.064279 0.000000
vn 0.086603 -0.050000 0.000000
vn 0.086603 -0.050000 0.000000
vn 0.093969 -0.034202 0.000000
vn 0.093969 -0.034202 0.000000
vn 0.098481 0.017365 0.000000
vn 0.098481 0.017365 0.000000
vn 0.100000 0.000000 0.000000
vn 0.100000 0.000000 0.000000
vn 0.098481 -0.017365 0.000000
vn 0.098481 -0.017365 0.000000
vn 0.093969 -0.034202 0.000000
vn 0.093969 -0.034202 0.000000
vn 0.086603 -0.050000 0.000000
vn 0.086603 -0.050000 0.000000
vn 0.076604 -0.064279 0.000000
vn 0.076604 -0.064279 0.000000
vn 0.064279 -0.076604 0.000000
vn 0.064279 -0.076604 0.000000
vn 0.050000 -0.086603 0.000000
vn 0.050000 -0.086603 0.000000
vn 0.034202 -0.093969 0.000000
vn 0.034202 -0.093969 0.000000
vn 0.017365 -0.098481 0.000000
vn 0.017365 -0.098481 0.000000
vn -0.000000 -0.100000 0.000000
vn -0.000000 -0.100000 0.000000
vn -0.017365 -0.098481 0.000000
vn -0.017365 -0.098481 0.000000
vn -0.034202 -0.093969 0.000000
vn -0.034202 -0.093969 0.000000
vn -0.050000 -0.086603 0.000000
vn -0.050000 -0.086603 0.000000
vn -0.064279 -0.076604 0.000000
vn -0.064279 -0.076604 0.000000
vn -0.076604 -0.064279 0.000000
vn -0.076604 -0.064279 0.000000
vn -0.086603 -0.050000 0.000000
vn -0.086603 -0.050000 0.000000
vn -0.093969 -0.034202 0.000000
vn -0.093969 -0.034202 0.000000
vn -0.098481 -0.017365 0.000000
vn -0.098481 -0.017365 0.000000
vn -0.100000 0.000000 0.000000
vn -0.100000 0.000000 0.000000
vn -0.098481 0.017365 0.000000
vn -0.098481 0.017365 0.000000
vn -0.093969 0.034202 0.000000
vn -0.093969 0.034202 0.000000
vn -0.086603 0.050000 0.000000
vn -0.086603 0.050000 0.000000
vn -0.076604 0.064279 0.000000
vn -0.076604 0.064279 0.000000
vn -0.064279 0.076604 0.000000
vn -0.064279 0.076604 0.000000
vn -0.050000 0.086603 0.000000
vn -0.050000 0.086603 0.000000
vn -0.034202 0.093969 0.000000
vn -0.034202 0.093969 0.000000
vn -0.017365 0.098481 0.000000
vn -0.017365 0.098481 0.000000
vn -0.000000 0.100000 0.000000
vn -0.000000 0.100000 0.000000
vn 0.017365 0.098481 0.000000
vn 0.017365 0.098481 0.000000
vn 0.034202 0.093969 0.000000
vn 0.034202 0.093969 0.000000
vn 0.050000 0.086603 0.000000
vn 0.050000 0.086603 0.000000
vn 0.064279 0.076604 0.000000
vn 0.064279 0.076604 0.000000
vn 0.076604 0.064279 0.000000
vn 0.076604 0.064279 0.000000
vn 0.086603 0.050000 0.000000
vn 0.086603 0.050000 0.000000
vn 0.093969 0.034202 0.000000
vn 0.093969 0.034202 0.000000
vn 0.098481 -0.017365 0.000000
vn 0.098481 -0.017365 0.000000
vn 0.100000 -0.000000 0.000000
vn 0.100000 -0.000000 0.000000
vn 0.098481 0.017365 0.000000
vn 0.098481 0.017365 0.000000
vn 0.093969 0.034202 0.000000
vn 0.093969 0.034202 0.000000
vn 0.086603 0.050000 0.000000
vn 0.086603 0.050000 0.000000
vn 0.076604 0.064279 0.000000
vn 0.076604 0.064279 0.000000
vn 0.064279 0.076604 0.000000
vn 0.064279 0.076604 0.000000
vn 0.050000 0.086603 0.000000
vn 0.050000 0.086603 0.000000
vn 0.034202 0.093969 0.000000
vn 0.034202 0.093969 0.000000
vn 0.017365 0.098481 0.000000
vn 0.017365 0.098481 0.000000
vn -0.000000 0.100000 0.000000
vn -0.000000 0.100000 0.000000
vn -0.017365 0.098481 0.000000
vn -0.017365 0.098481 0.000000
vn -0.034202 0.093969 0.000000
vn -0.034202 0.093969 0.000000
vn -0.050000 0.086603 0.000000
vn -0.050000 0.086603 0.000000
vn -0.064279 0.076604 0.000000
vn -0.064279 0.076604 0.000000
vn -0.076604 0.064279 0.000000
vn -0.076604 0.064279 0.000000
vn -0.086603 0.050000 0.000000
vn -0.086603 0.050000 0.000000
vn -0.093969 0.034202 0.000000
vn -0.093969 0.034202 0.000000
vn -0.098481 0.017365 0.000000
vn -0.098481 0.017365 0.000000
vn -0.100000 0.000000 0.000000
vn -0.100000 0.000000 0.000000
vn -0.098481 -0.017365 0.000000
vn -0.098481 -0.017365 0.000000
vn -0.093969 -0.034202 0.000000
vn -0.093969 -0.034202 0.000000
vn -0.086603 -0.050000 0.000000
vn -0.086603 -0.050000 0.000000
vn -0.076604 -0.064279 0.000000
vn -0.076604 -0.064279 0.000000
vn -0.064279 -0.076604 0.000000
vn -0.064279 -0.076604 0.000000
vn -0.050000 -0.086603 0.000000
vn -0.050000 -0.086603 0.000000
vn -0.034202 -0.093969 0.000000
vn -0.034202 -0.093969 0.000000
vn -0.017365 -0.098481 0.000000
vn -0.017365 -0.098481 0.000000
vn -0.000000 -0.100000 0.000000
vn -0.000000 -0.100000 0.000000
vn 0.017365 -0.098481 0.000000
vn 0.017365 -0.098481 0.000000
vn 0.034202 -0.093969 0.000000
vn 0.034202 -0.093969 0.000000
vn 0.050000 -0.086603 0.000000
vn 0.050000 -0.086603 0.000000
vn 0.064279 -0.076604 0.000000
vn 0.064279 -0.076604 0.000000
vn 0.076604 -0.064279 0.000000
vn 0.076604 -0.064279 0.000000
vn 0.086603 -0.050000 0.000000
vn 0.086603 -0.050000 0.000000
vn 0.093969 -0.034202 0.000000
vn 0.093969 -0.034202 0.000000
vn 0.098481 0.017365 0.000000
vn 0.098481 0.017365 0.000000
vn 0.100000 0.000000 0.000000
vn 0.100000 0.000000 0.000000
vn 0.098481 -0.017365 0.000000
vn 0.098481 -0.017365 0.000000
vn 0.093969 -0.034202 0.000000
vn 0.093969 -0.034202 0.000000
vn 0.086603 -0.050000 0.000000
vn 0.086603 -0.050000 0.000000
vn 0.076604 -0.064279 0.000000
vn 0.076604 -0.064279 0.000000
vn 0.064279 -0.076604 0.000000
vn 0.064279 -0.076604 0.000000
vn 0.050000 -0.086603 0.000000
vn 0.050000 -0.086603 0.000000
vn 0.034202 -0.093969 0.000000
vn 0.034202 -0.093969 0.000000
vn 0.017365 -0.098481 0.000000
vn 0.017365 -0.098481 0.000000
vn -0.000000 -0.100000 0.000000
vn -0.000000 -0.100000 0.000000
vn -0.017365 -0.098481 0.000000
vn -0.017365 -0.098481 0.000000
vn -0.034202 -0.093969 0.000000
vn -0.034202 -0.093969 0.000000
vn -0.050000 -0.086603 0.000000
vn -0.050000 -0.086603 0.000000
vn -0.064279 -0.076604 0.000000
vn -0.064279 -0.076604 0.000000
vn -0.076604 -0.064279 0.000000
vn -0.076604 -0.064279 0.000000
vn -0.086603 -0.050000 0.000000
vn -0.086603 -0.050000 0.000000
vn -0.093969 -0.034202 0.000000
vn -0.093969 -0.034202 0.000000
vn -0.098481 -0.017365 0.000000
vn -0.098481 -0.017365 0.000000
vn -0.100000 0.000000 0.000000
vn -0.100000 0.000000 0.000000
vn -0.098481 0.017365 0.000000
vn -0.098481 0.017365 0.000000
vn -0.093969 0.034202 0.000000
vn -0.093969 0.034202 0.000000
vn -0.086603 0.050000 0.000000
vn -0.086603 0.050000 0.000000
vn -0.076604 0.064279 0.000000
vn -0.076604 0.064279 0.000000
vn -0.064279 0.076604 0.000000
vn -0.064279 0.076604 0.000000
vn -0.050000 0.086603 0.000000
vn -0.050000 0.086603 0.000000
vn -0.034202 0.093969 0.000000
vn -0.034202 0.093969 0.000000
vn -0.017365 0.098481 0.000000
vn -0.017365 0.098481 0.000000
vn -0.000000 0.100000 0.000000
vn -0.000000 0.100000 0.000000
vn 0.017365 0.098481 0.000000
vn 0.017365 0.098481 0.000000
vn 0.034202 0.093969 0.000000
vn 0.034202 0.093969 0.000000
vn 0.050000 0.086603 0.000000
vn 0.050000 0.086603 0.000000
vn 0.064279 0.076604 0.000000
vn 0.064279 0.076604 0.000000
vn 0.076604 0.064279 0.000000
vn 0.076604 0.064279 0.000000
vn 0.086603 0.050000 0.000000
vn 0.086603 0.050000 0.000000
vn 0.093969 0.034202 0.000000
vn 0.093969 0.034202 0.000000
vn 0.098481 -0.017365 0.000000
vn 0.098481 -0.017365 0.000000
vn 0.100000 -0.000000 0.000000
vn 0.100000 -0.000000 0.000000
vn 0.098481 0.017365 0.000000
vn 0.098481 0.017365 0.000000
vn 0.093969 0.034202 0.000000
vn 0.093969 0.034202 0.000000
vn 0.086603 0.050000 0.000000
vn 0.086603 0.050000 0.000000
vn 0.076604 0.064279 0.000000
vn 0.076604 0.064279 0.000000
vn 0.064279 0.076604 0.000000
vn 0.064279 0.076604 0.000000
vn 0.050000 0.086603 0.000000
vn 0.050000 0.086603 0.000000
vn 0.034202 0.093969 0.000000
vn 0.034202 0.093969 0.000000
vn 0.017365 0.098481 0.000000
vn 0.017365 0.098481 0.000000
vn -0.000000 0.100000 0.000000
vn -0.000000 0.100000 0.000000
vn -0.017365 0.098481 0.000000
vn -0.017365 0.098481 0.000000
vn -0.034202 0.093969 0.000000
vn -0.034202 0.093969 0.000000
vn -0.050000 0.086603 0.000000
vn -0.050000 0.086603 0.000000
vn -0.064279 0.076604 0.000000
vn -0.064279 0.076604 0.000000
vn -0.076604 0.064279 0.000000
vn -0.076604 0.064279 0.000000
vn -0.086603 0.050000 0.000000
vn -0.086603 0.050000 0.000000
vn -0.093969 0.034202 0.000000
vn -0.093969 0.034202 0.000000
vn -0.098481 0.017365 0.000000
vn -0.098481 0.017365 0.000000
vn -0.100000 0.000000 0.000000
vn -0.100000 0.000000 0.000000
vn -0.098481 -0.017365 0.000000
vn -0.098481 -0.017365 0.000000
vn -0.093969 -0.034202 0.000000
vn -0.093969 -0.034202 0.000000
vn -0.086603 -0.050000 0.000000
vn -0.086603 -0.050000 0.000000
vn -0.076604 -0.064279 0.000000
vn -0.076604 -0.064279 0.000000
vn -0.064279 -0.076604 0.000000
vn -0.064279 -0.076604 0.000000
vn -0.050000 -0.086603 0.000000
vn -0.050000 -0.086603 0.000000
vn -0.034202 -0.093969 0.000000
vn -0.034202 -0.093969 0.000000
vn -0.017365 -0.098481 0.000000
vn -0.017365 -0.098481 0.000000
vn -0.000000 -0.100000 0.000000
vn -0.000000 -0.100000 0.000000
vn 0.017365 -0.098481 0.000000
vn 0.017365 -0.098481 0.000000
vn 0.034202 -0.093969 0.000000
vn 0.034202 -0.093969 0.000000
vn 0.050000 -0.086603 0.000000
vn 0.050000 -0.086603 0.000000
vn 0.064279 -0.076604 0.000000
vn 0.064279 -0.076604 0.000000
vn 0.076604 -0.064279 0.000000
vn 0.076604 -0.064279 0.000000
vn 0.086603 -0.050000 0.000000
vn 0.086603 -0.050000 0.000000
vn 0.093969 -0.034202 0.000000
vn 0.093969 -0.034202 0.000000
vn 0.098481 0.017365 0.000000
vn 0.098481 0.017365 0.000000
vn 0.100000 0.000000 0.000000
vn 0.100000 0.000000 0.000000
vn 0.098481 -0.017365 0.000000
vn 0.098481 -0.017365 0.000000
vn 0.093969 -0.034202 0.000000
vn 0.093969 -0.034202 0.000000
vn 0.086603 -0.050000 0.000000
vn 0.086603 -0.050000 0.000000
vn 0.076604 -0.064279 0.000000
vn 0.076604 -0.064279 0.000000
vn 0.064279 -0.076604 0.000000
vn 0.064279 -0.076604 0.000000
vn 0.050000 -0.086603 0.000000
vn 0.050000 -0.086603 0.000000
vn 0.034202 -0.093969 0.000000
vn 0.034202 -0.093969 0.000000
vn 0.017365 -0.098481 0.000000
vn 0.017365 -0.098481 0.000000
vn -0.000000 -0.100000 0.000000
vn -0.000000 -0.100000 0.000000
vn -0.017365 -0.098481 0.000000
vn -0.017365 -0.098481 0.000000
vn -0.034202 -0.093969 0.000000
vn -0.034202 -0.093969 0.000000
vn -0.050000 -0.086603 0.000000
vn -0.050000 -0.086603 0.000000
vn -0.064279 -0.076604 0.000000
vn -0.064279 -0.076604 0.000000
vn -0.076604 -0.064279 0.000000
vn -0.076604 -0.064279 0.000000
vn -0.086603 -0.050000 0.000000
vn -0.086603 -0.050000 0.000000
vn -0.093969 -0.034202 0.000000
vn -0.093969 -0.034202 0.000000
vn -0.098481 -0.017365 0.000000
vn -0.098481 -0.017365 0.000000
vn -0.100000 0.000000 0.000000
vn -0.100000 0.000000 0.000000
vn -0.098481 0.017365 0.000000
vn -0.098481 0.017365 0.000000
vn -0.093969 0.034202 0.000000
vn -0.093969 0.034202 0.000000
vn -0.086603 0.050000 0.000000
vn -0.086603 0.050000 0.000000
vn -0.076604 0.064279 0.000000
vn -0.076604 0.064279 0.000000
vn -0.064279 0.076604 0.000000
vn -0.064279 0.076604 0.000000
vn -0.050000 0.086603 0.000000
vn -0.050000 0.086603 0.000000
vn -0.034202 0.093969 0.000000
vn -0.034202 0.093969 0.000000
vn -0.017365 0.098481 0.000000
vn -0.017365 0.098481 0.000000
vn -0.000000 0.100000 0.000000
vn -0.000000 0.100000 0.000000
vn 0.017365 0.098481 0.000000
vn 0.017365 0.098481 0.000000
vn 0.034202 0.093969 0.000000
vn 0.034202 0.093969 0.000000
vn 0.050000 0.086603 0.000000
vn 0.050000 0.086603 0.000000
vn 0.064279 0.076604 0.000000
vn 0.064279 0.076604 0.000000
vn 0.076604 0.064279 0.000000
vn 0.076604 0.064279 0.000000
vn 0.086603 0.050000 0.000000
vn 0.086603 0.050000 0.000000
vn 0.093969 0.034202 0.000000
vn 0.093969 0.034202 0.000000
vn 0.098481 -0.017365 0.000000
vn 0.098481 -0.017365 0.000000
vn 0.100000 -0.000000 0.000000
vn 0.100000 -0.000000 0.000000
vn 0.098481 0.017365 0.000000
vn 0.098481 0.017365 0.000000
vn 0.093969 0.034202 0.000000
vn 0.093969 0.034202 0.000000
vn 0.086603 0.050000 0.000000
vn 0.086603 0.050000 0.000000
vn 0.076604 0.064279 0.000000
vn 0.076604 0.064279 0.000000
vn 0.064279 0.076604 0.000000
vn 0.064279 0.076604 0.000000
vn 0.050000 0.086603 0.000000
vn 0.050000 0.086603 0.000000
vn 0.034202 0.093969 0.000000
vn 0.034202 0.093969 0.000000
vn 0.017365 0.098481 0.000000
vn 0.017365 0.098481 0.000000
vn -0.000000 0.100000 0.000000
vn -0.000000 0.100000 0.000000
vn -0.017365 0.098481 0.000000
vn -0.017365 0.098481 0.000000
vn -0.034202 0.093969 0.000000
vn -0.034202 0.093969 0.000000
vn -0.050000 0.086603 0.000000
vn -0.050000 0.086603 0.000000
vn -0.064279 0.076604 0.000000
vn -0.064279 0.076604 0.000000
vn -0.076604 0.064279 0.000000
vn -0.076604 0.064279 0.000000
vn -0.086603 0.050000 0.000000
vn -0.086603 0.050000 0.000000
vn -0.093969 0.034202 0.000000
vn -0.093969 0.034202 0.000000
vn -0.098481 0.017365 0.000000
vn -0.098481 0.017365 0.000000
vn -0.100000 0.000000 0.000000
vn -0.100000 0.000000 0.000000
vn -0.098481 -0.017365 0.000000
vn -0.098481 -0.017365 0.000000
vn -0.093969 -0.034202 0.000000
vn -0.093969 -0.034202 0.000000
vn -0.086603 -0.050000 0.000000
vn -0.086603 -0.050000 0.000000
vn -0.076604 -0.064279 0.000000
vn -0.076604 -0.064279 0.000000
vn -0.064279 -0.076604 0.000000
vn -0.064279 -0.076604 0.000000
vn -0.050000 -0.086603 0.000000
vn -0.050000 -0.086603 0.000000
vn -0.034202 -0.093969 0.000000
vn -0.034202 -0.093969 0.000000
vn -0.017365 -0.098481 0.000000
vn -0.017365 -0.098481 0.000000
vn -0.000000 -0.100000 0.000000
vn -0.000000 -0.100000 0.000000
vn 0.017365 -0.098481 0.000000
vn 0.017365 -0.098481 0.000000
vn 0.034202 -0.093969 0.000000
vn 0.034202 -0.093969 0.000000
vn 0.050000 -0.086603 0.000000
vn 0.050000 -0.086603 0.000000
vn 0.064279 -0.076604 0.000000
vn 0.064279 -0.076604 0.000000
vn 0.076604 -0.064279 0.000000
vn 0.076604 -0.064279 0.000000
vn 0.086603 -0.050000 0.000000
vn 0.086603 -0.050000 0.000000
vn 0.093969 -0.034202 0.000000
vn 0.093969 -0.034202 0.000000
vn -0.100000 0.000000 0.000000
vn -0.100000 0.000000 0.000000
vn -0.100000 0.000000 0.000000
vn -0.100000 0.000000 0.000000
vn -0.000000 0.100000 -0.000000
vn -0.000000 0.100000 -0.000000
vn -0.009227 0.099573 -0.000000
vn -0.009227 0.099573 -0.000000
vn -0.018375 0.098297 -0.000000
vn -0.018375 0.098297 -0.000000
vn -0.027366 0.096183 -0.000000
vn -0.027366 0.096183 -0.000000
vn -0.036124 0.093247 -0.000000
vn -0.036124 0.093247 -0.000000
vn -0.044574 0.089516 -0.000000
vn -0.044574 0.089516 -0.000000
vn -0.052643 0.085022 -0.000000
vn -0.052643 0.085022 -0.000000
vn -0.060263 0.079802 -0.000000
vn -0.060263 0.079802 -0.000000
vn -0.067370 0.073901 -0.000000
vn -0.067370 0.073901 -0.000000
vn -0.073901 0.067370 -0.000000
vn -0.073901 0.067370 -0.000000
vn -0.079802 0.060263 -0.000000
vn -0.079802 0.060263 -0.000000
vn -0.085022 0.052643 -0.000000
vn -0.085022 0.052643 -0.000000
vn -0.089516 0.044574 -0.000000
vn -0.089516 0.044574 -0.000000
vn -0.093247 0.036124 -0.000000
vn -0.093247 0.036124 -0.000000
vn -0.096183 0.027366 -0.000000
vn -0.096183 0.027366 -0.000000
vn -0.098297 0.018375 -0.000000
vn -0.098297 0.018375 -0.000000
vn -0.099573 0.009227 -0.000000
vn -0.099573 0.009227 -0.000000
vn 0.000000 0.100000 0.000000
vn 0.000000 0.100000 0.000000
vn 0.100000 0.000000 0.000000
vn 0.100000 0.000000 0.000000
vn 0.099573 0.009227 0.000000
vn 0.099573 0.009227 0.000000
vn 0.098297 0.018375 0.000000
vn 0.098297 0.018375 0.000000
vn 0.096183 0.027366 0.000000
vn 0.096183 0.027366 0.000000
vn 0.093247 0.036124 0.000000
vn 0.093247 0.036124 0.000000
vn 0.089516 0.044574 0.000000
vn 0.089516 0.044574 0.000000
vn 0.085022 0.052643 0.000000
vn 0.085022 0.052643 0.000000
vn 0.079802 0.060263 0.000000
vn 0.079802 0.060263 0.000000
vn 0.073901 0.067370 0.000000
vn 0.073901 0.067370 0.000000
vn 0.067370 0.073901 0.000000
vn 0.067370 0.073901 0.000000
vn 0.060263 0.079802 0.000000
vn 0.060263 0.079802 0.000000
vn 0.052643 0.085022 0.000000
vn 0.052643 0.085022 0.000000
vn 0.044574 0.089516 0.000000
vn 0.044574 0.089516 0.000000
vn 0.036124 0.093247 0.000000
vn 0.036124 0.093247 0.000000
vn 0.027366 0.096183 0.000000
vn 0.027366 0.096183 0.000000
vn 0.018375 0.098297 0.000000
vn 0.018375 0.098297 0.000000
vn 0.009227 0.099573 0.000000
vn 0.009227 0.099573 0.000000
vn 0.100000 0.000000 0.000000
vn 0.100000 0.000000 0.000000
vn 0.000000 -0.100000 0.000000
vn -0.000000 -0.100000 0.000000
vn 0.009227 -0.099573 0.000000
vn 0.009227 -0.099573 0.000000
vn 0.018375 -0.098297 0.000000
vn 0.018375 -0.098297 0.000000
vn 0.027366 -0.096183 0.000000
vn 0.027366 -0.096183 0.000000
vn 0.036124 -0.093247 0.000000
vn 0.036124 -0.093247 0.000000
vn 0.044574 -0.089516 0.000000
vn 0.044574 -0.089516 0.000000
vn 0.052643 -0.085022 0.000000
vn 0.052643 -0.085022 0.000000
vn 0.060263 -0.079802 0.000000
vn 0.060263 -0.079802 0.000000
vn 0.067370 -0.073901 0.000000
vn 0.067370 -0.073901 0.000000
vn 0.073901 -0.067370 0.000000
vn 0.073901 -0.067370 0.000000
vn 0.079802 -0.060263 0.000000
vn 0.079802 -0.060263 0.000000
vn 0.085022 -0.052643 0.000000
vn 0.085022 -0.052643 0.000000
vn 0.089516 -0.044574 0.000000
vn 0.089516 -0.044574 0.000000
vn 0.093247 -0.036124 0.000000
vn 0.093247 -0.036124 0.000000
vn 0.096183 -0.027366 0.000000
vn 0.096183 -0.027366 0.000000
vn 0.098297 -0.018375 0.000000
vn 0.098297 -0.018375 0.000000
vn 0.099573 -0.009227 0.000000
vn 0.099573 -0.009227 0.000000
vn 0.000000 -0.100000 0.000000
vn 0.000000 -0.100000 0.000000
vn 0.000000 -0.100000 0.000000
vn 0.000000 -0.100000 0.000000
vn 0.000000 -0.100000 0.000000
vn 0.000000 -0.100000 0.000000
vn 0.000000 -0.100000 0.000000
vn 0.000000 -0.100000 0.000000
vn 0.000000 -0.100000 0.000000
vn 0.000000 -0.100000 0.000000
vn 0.000000 -0.100000 0.000000
vn 0.000000 -0.100000 0.000000
vn 0.000000 -0.100000 0.000000
vn 0.000000 -0.100000 0.000000
vn 0.000000 -0.100000 0.000000
vn 0.000000 -0.100000 0.000000
vn 0.000000 -0.100000 0.000000
vn 0.000000 -0.100000 0.000000
vn 0.000000 -0.100000 0.000000
vn 0.000000 -0.100000 0.000000
vn 0.000000 -0.100000 0.000000
vn 0.000000 -0.100000 0.000000
vn 0.000000 -0.100000 0.000000
vn 0.000000 -0.100000 0.000000
vn 0.000000 -0.100000 0.000000
vn 0.000000 -0.100000 0.000000
vn 0.000000 -0.100000 0.000000
vn 0.000000 -0.100000 0.000000
vn 0.000000 -0.100000 0.000000
vn 0.000000 -0.100000 0.000000
vn 0.000000 -0.100000 0.000000
vn 0.000000 -0.100000 0.000000
vn 0.000000 -0.100000 0.000000
vn 0.000000 -0.100000 0.000000
vn 0.000000 -0.100000 0.000000
vn 0.000000 -0.100000 0.000000
vn 0.000000 -0.100000 0.000000
vn 0.000000 -0.100000 0.000000
vn 0.000000 -0.100000 0.000000
vn 0.000000 -0.100000 0.000000
vn 0.000000 -0.100000 0.000000
vn 0.000000 -0.100000 0.000000
vn -0.099573 -0.009227 0.000000
vn -0.099573 -0.009227 0.000000
vn -0.098297 -0.018375 0.000000
vn -0.098297 -0.018375 0.000000
vn -0.096183 -0.027366 0.000000
vn -0.096183 -0.027366 0.000000
vn -0.093247 -0.036124 0.000000
vn -0.093247 -0.036124 0.000000
vn -0.089516 -0.044574 0.000000
vn -0.089516 -0.044574 0.000000
vn -0.085022 -0.052643 0.000000
vn -0.085022 -0.052643 0.000000
vn -0.079802 -0.060263 0.000000
vn -0.079802 -0.060263 0.000000
vn -0.073901 -0.067370 0.000000
vn -0.073901 -0.067370 0.000000
vn -0.067370 -0.073901 0.000000
vn -0.067370 -0.073901 0.000000
vn -0.060263 -0.079802 0.000000
vn -0.060263 -0.079802 0.000000
vn -0.052643 -0.085022 0.000000
vn -0.052643 -0.085022 0.000000
vn -0.044574 -0.089516 0.000000
vn -0.044574 -0.089516 0.000000
vn -0.036124 -0.093247 0.000000
vn -0.036124 -0.093247 0.000000
vn -0.027366 -0.096183 0.000000
vn -0.027366 -0.096183 0.000000
vn -0.018375 -0.098297 0.000000
vn -0.018375 -0.098297 0.000000
vn -0.009227 -0.099573 0.000000
vn -0.009227 -0.099573 0.000000
vn -0.000000 0.000000 -0.100000
vn -0.000000 0.000000 -0.100000
vn -0.000000 0.000000 -0.100000
vn -0.000000 0.000000 -0.100000
vn -0.000000 0.000000 -0.100000
vn -0.000000 0.000000 -0.100000
vn -0.000000 0.000000 -0.100000
vn -0.000000 0.000000 -0.100000
vn -0.000000 0.000000 -0.100000
vn -0.000000 0.000000 -0.100000
vn -0.000000 0.000000 -0.100000
vn -0.000000 0.000000 -0.100000
vn -0.000000 0.000000 -0.100000
vn -0.000000 0.000000 -0.100000
vn -0.000000 0.000000 -0.100000
vn -0.000000 0.000000 -0.100000
vn -0.000000 0.000000 -0.100000
vn -0.000000 0.000000 -0.100000
vn -0.000000 0.000000 -0.100000
vn -0.000000 0.000000 -0.100000
vn -0.000000 0.000000 -0.100000
vn -0.000000 0.000000 -0.100000
vn -0.000000 0.000000 -0.100000
vn -0.000000 0.000000 -0.100000
vn -0.000000 0.000000 -0.100000
vn -0.000000 0.000000 -0.100000
vn -0.000000 0.000000 -0.100000
vn -0.000000 0.000000 -0.100000
vn -0.000000 0.000000 -0.100000
vn -0.000000 0.000000 -0.100000
vn -0.000000 0.000000 -0.100000
vn -0.000000 0.000000 -0.100000
vn -0.000000 0.000000 -0.100000
vn -0.000000 0.000000 -0.100000
vn -0.000000 0.000000 -0.100000
vn -0.000000 0.000000 -0.100000
vn -0.000000 0.000000 -0.100000
vn -0.000000 0.000000 -0.100000
vn -0.000000 0.000000 -0.100000
vn -0.000000 0.000000 -0.100000
vn -0.000000 0.000000 -0.100000
vn -0.000000 0.000000 -0.100000
vn -0.000000 0.000000 -0.100000
vn -0.000000 0.000000 -0.100000
vn -0.000000 0.000000 -0.100000
vn -0.000000 0.000000 -0.100000
vn -0.000000 0.000000 -0.100000
vn -0.000000 0.000000 -0.100000
vn -0.000000 0.000000 -0.100000
vn -0.000000 0.000000 -0.100000
vn -0.000000 0.000000 -0.100000
vn -0.000000 0.000000 -0.100000
vn -0.000000 0.000000 -0.100000
vn -0.000000 0.000000 -0.100000
vn -0.000000 0.000000 -0.100000
vn -0.000000 0.000000 -0.100000
vn -0.000000 0.000000 -0.100000
vn -0.000000 0.000000 -0.100000
vn -0.000000 0.000000 -0.100000
vn -0.000000 0.000000 -0.100000
vn -0.000000 0.000000 -0.100000
vn -0.000000 0.000000 -0.100000
vn -0.000000 0.000000 -0.100000
vn -0.000000 0.000000 -0.100000
vn -0.000000 0.000000 -0.100000
vn -0.000000 0.000000 -0.100000
vn -0.000000 0.000000 -0.100000
vn -0.000000 0.000000 -0.100000
vn -0.000000 0.000000 -0.100000
vn -0.000000 0.000000 -0.100000
vn -0.000000 0.000000 -0.100000
vn -0.000000 0.000000 -0.100000
vn -0.000000 0.000000 -0.100000
vn -0.000000 0.000000 -0.100000
vn -0.000000 0.000000 -0.100000
vn -0.000000 0.000000 -0.100000
vn -0.000000 0.000000 -0.100000
vn -0.000000 0.000000 -0.100000
vn -0.000000 0.000000 -0.100000
vn -0.000000 0.000000 -0.100000
vn -0.000000 0.000000 -0.100000
vn -0.000000 0.000000 -0.100000
vn -0.000000 0.000000 -0.100000
vn -0.000000 0.000000 -0.100000
vn -0.000000 0.000000 -0.100000
vn -0.000000 0.000000 -0.100000
vn -0.000000 0.000000 -0.100000
vn -0.000000 0.000000 -0.100000
vn -0.000000 0.000000 -0.100000
vn -0.000000 0.000000 -0.100000
vn -0.000000 0.000000 -0.100000
vn -0.000000 0.000000 -0.100000
vn -0.000000 0.000000 -0.100000
vn -0.000000 0.000000 -0.100000
vn -0.000000 0.000000 -0.100000
vn -0.000000 0.000000 -0.100000
vn -0.000000 0.000000 -0.100000
vn -0.000000 0.000000 -0.100000
vn -0.000000 0.000000 -0.100000
vn -0.000000 0.000000 -0.100000
vn -0.000000 0.000000 -0.100000
vn -0.000000 0.000000 -0.100000
vn -0.000000 0.000000 -0.100000
vn -0.000000 0.000000 -0.100000
vn -0.000000 0.000000 -0.100000
vn -0.000000 0.000000 -0.100000
vn -0.000000 0.000000 -0.100000
vn -0.000000 0.000000 -0.100000
vn -0.000000 0.000000 -0.100000
vn -0.000000 0.000000 -0.100000
vn -0.000000 0.000000 -0.100000
vn -0.000000 0.000000 -0.100000
vn -0.000000 0.000000 -0.100000
vn -0.000000 0.000000 -0.100000
vn -0.000000 0.000000 -0.100000
vn -0.000000 0.000000 -0.100000
vn -0.000000 0.000000 -0.100000
vn -0.000000 0.000000 -0.100000
vn -0.000000 0.000000 -0.100000
vn -0.000000 0.000000 -0.100000
vn -0.000000 0.000000 -0.100000
vn -0.000000 0.000000 -0.100000
vn -0.000000 0.000000 -0.100000
vn -0.000000 0.000000 -0.100000
vn -0.000000 0.000000 -0.100000
vn -0.000000 0.000000 -0.100000
vn -0.000000 0.000000 -0.100000
vn -0.000000 0.000000 -0.100000
vn -0.000000 0.000000 -0.100000
vn -0.000000 0.000000 -0.100000
vn -0.000000 0.000000 -0.100000
vn -0.000000 0.000000 -0.100000
vn -0.000000 0.000000 -0.100000
vn -0.000000 0.000000 -0.100000
vn -0.000000 0.000000 -0.100000
vn -0.000000 0.000000 -0.100000
vn -0.000000 0.000000 -0.100000
vn -0.000000 0.000000 -0.100000
vn -0.000000 0.000000 -0.100000
vn -0.000000 0.000000 -0.100000
vn -0.000000 0.000000 -0.100000
vn -0.000000 0.000000 -0.100000
vn -0.000000 0.000000 -0.100000
vn -0.000000 0.000000 -0.100000
vn -0.000000 0.000000 -0.100000
vn -0.000000 0.000000 -0.100000
vn -0.000000 0.000000 -0.100000
vn -0.000000 0.000000 -0.100000
vn -0.000000 0.000000 -0.100000
vn -0.000000 0.000000 -0.100000
vn -0.000000 0.000000 -0.100000
vn -0.000000 0.000000 -0.100000
vn -0.000000 0.000000 -0.100000
vn -0.000000 0.000000 -0.100000
vn -0.000000 0.000000 -0.100000
vn -0.000000 0.000000 -0.100000
vn -0.000000 0.000000 -0.100000
vn -0.000000 0.000000 -0.100000
vn -0.000000 0.000000 -0.100000
vn -0.000000 0.000000 -0.100000
vn -0.000000 0.000000 -0.100000
vn -0.000000 0.000000 -0.100000
vn -0.000000 0.000000 -0.100000
vn -0.000000 0.000000 -0.100000
vn -0.000000 0.000000 -0.100000
vn -0.000000 0.000000 -0.100000
vn -0.000000 0.000000 -0.100000
vn -0.000000 0.000000 -0.100000
vn -0.000000 0.000000 -0.100000
vn -0.000000 0.000000 -0.100000
vn -0.000000 0.000000 -0.100000
vn -0.000000 0.000000 -0.100000
vn -0.000000 0.000000 -0.100000
vn -0.000000 0.000000 -0.100000
vn -0.000000 0.000000 -0.100000
vn -0.000000 0.000000 -0.100000
vn -0.000000 0.000000 -0.100000
vn -0.000000 0.000000 -0.100000
vn -0.000000 0.000000 -0.100000
vn -0.000000 0.000000 -0.100000
vn -0.000000 0.000000 -0.100000
vn -0.000000 0.000000 -0.100000
vn -0.000000 0.000000 -0.100000
vn -0.000000 0.000000 -0.100000
vn -0.000000 0.000000 -0.100000
vn -0.000000 0.000000 -0.100000
vn -0.000000 0.000000 -0.100000
vn -0.000000 0.000000 -0.100000
vn -0.000000 0.000000 -0.100000
vn -0.000000 0.000000 -0.100000
vn -0.000000 0.000000 -0.100000
vn -0.000000 0.000000 -0.100000
vn -0.000000 0.000000 -0.100000
vn -0.000000 0.000000 -0.100000
vn -0.000000 0.000000 -0.100000
vn -0.000000 0.000000 -0.100000
vn -0.000000 0.000000 -0.100000
vn -0.000000 0.000000 -0.100000
vn -0.000000 0.000000 -0.100000
vn -0.000000 0.000000 -0.100000
vn -0.000000 0.000000 -0.100000
vn -0.000000 0.000000 -0.100000
vn -0.000000 0.000000 -0.100000
vn -0.000000 0.000000 -0.100000
vn -0.000000 0.000000 -0.100000
vn -0.000000 0.000000 -0.100000
vn -0.000000 0.000000 -0.100000
vn -0.000000 0.000000 -0.100000
vn -0.000000 0.000000 -0.100000
vn -0.000000 0.000000 -0.100000
vn -0.000000 0.000000 -0.100000
vn -0.000000 0.000000 -0.100000
vn -0.000000 0.000000 -0.100000
vn -0.000000 0.000000 -0.100000
vn -0.000000 0.000000 -0.100000
vn -0.000000 0.000000 -0.100000
usemtl PA_12_-_Nylon_-_PA_603-CF_(with_EOS_P_3D_Printers)
f 2/1/1 23/2/2 1/3/3
f 1/3/3 23/2/2 26/4/4
f 1/3/3 26/4/4 22/5/5
f 22/5/5 26/4/4 21/6/6
f 21/6/6 26/4/4 36/7/7
f 21/6/6 36/7/7 20/8/8
f 20/8/8 36/7/7 38/9/9
f 20/8/8 38/9/9 19/10/10
f 19/10/10 38/9/9 18/11/11
f 18/11/11 38/9/9 37/12/12
f 18/11/11 37/12/12 17/13/13
f 17/13/13 37/12/12 16/14/14
f 16/14/14 37/12/12 15/15/15
f 15/15/15 37/12/12 35/16/16
f 15/15/15 35/16/16 14/17/17
f 14/17/17 35/16/16 25/18/18
f 14/17/17 25/18/18 13/19/19
f 13/19/19 25/18/18 24/20/20
f 13/19/19 24/20/20 12/21/21
f 12/21/21 24/20/20 28/22/22
f 12/21/21 28/22/22 11/23/23
f 11/23/23 28/22/22 30/24/24
f 11/23/23 30/24/24 10/25/25
f 10/25/25 30/24/24 32/26/26
f 10/25/25 32/26/26 9/27/27
f 9/27/27 32/26/26 34/28/28
f 9/27/27 34/28/28 8/29/29
f 8/29/29 34/28/28 33/30/30
f 8/29/29 33/30/30 6/31/31
f 6/31/31 33/30/30 5/32/32
f 5/32/32 33/30/30 31/33/33
f 5/32/32 31/33/33 4/34/34
f 4/34/34 31/33/33 29/35/35
f 4/34/34 29/35/35 3/36/36
f 3/36/36 29/35/35 27/37/37
f 3/36/36 27/37/37 2/1/1
f 2/1/1 27/37/37 23/2/2
f 6/31/31 7/38/38 8/29/29
f 23/2/2 24/20/20 26/4/4
f 26/4/4 24/20/20 25/18/18
f 26/4/4 25/18/18 36/7/7
f 36/7/7 25/18/18 35/16/16
f 36/7/7 35/16/16 38/9/9
f 38/9/9 35/16/16 37/12/12
f 24/20/20 23/2/2 28/22/22
f 28/22/22 23/2/2 27/37/37
f 28/22/22 27/37/37 30/24/24
f 30/24/24 27/37/37 29/35/35
f 30/24/24 29/35/35 32/26/26
f 32/26/26 29/35/35 31/33/33
f 32/26/26 31/33/33 34/28/28
f 34/28/28 31/33/33 33/30/30
f 39/39/39 22/40/40 43/41/41
f 43/41/41 22/40/40 21/42/42
f 43/41/41 21/42/42 42/43/43
f 42/43/43 21/42/42 20/44/44
f 42/43/43 20/44/44 41/45/45
f 41/45/45 20/44/44 19/46/46
f 41/45/45 19/46/46 40/47/47
f 40/47/47 19/46/46 18/48/48
f 39/49/49 61/50/50 44/51/51
f 44/51/51 61/50/50 64/52/52
f 44/51/51 64/52/52 60/53/53
f 60/53/53 64/52/52 70/54/54
f 60/53/53 70/54/54 59/55/55
f 59/55/55 70/54/54 72/56/56
f 59/55/55 72/56/56 58/57/57
f 58/57/57 72/56/56 74/58/58
f 58/57/57 74/58/58 57/59/59
f 57/59/59 74/58/58 76/60/60
f 57/59/59 76/60/60 56/61/61
f 56/61/61 76/60/60 55/62/62
f 55/62/62 76/60/60 75/63/63
f 55/62/62 75/63/63 54/64/64
f 54/64/64 75/63/63 53/65/65
f 53/65/65 75/63/63 52/66/66
f 52/66/66 75/63/63 73/67/67
f 52/66/66 73/67/67 51/68/68
f 51/68/68 73/67/67 71/69/69
f 51/68/68 71/69/69 50/70/70
f 50/70/70 71/69/69 69/71/71
f 50/70/70 69/71/71 49/72/72
f 49/72/72 69/71/71 63/73/73
f 49/72/72 63/73/73 48/74/74
f 48/74/74 63/73/73 62/75/75
f 48/74/74 62/75/75 47/76/76
f 47/76/76 62/75/75 66/77/77
f 47/76/76 66/77/77 46/78/78
f 46/78/78 66/77/77 68/79/79
f 46/78/78 68/79/79 45/80/80
f 45/80/80 68/79/79 67/81/81
f 45/80/80 67/81/81 41/82/82
f 41/82/82 67/81/81 42/83/83
f 42/83/83 67/81/81 65/84/84
f 42/83/83 65/84/84 43/85/85
f 43/85/85 65/84/84 61/50/50
f 43/85/85 61/50/50 39/49/49
f 41/82/82 40/86/86 45/80/80
f 61/50/50 62/75/75 64/52/52
f 64/52/52 62/75/75 63/73/73
f 64/52/52 63/73/73 70/54/54
f 70/54/54 63/73/73 69/71/71
f 70/54/54 69/71/71 72/56/56
f 72/56/56 69/71/71 71/69/69
f 72/56/56 71/69/69 74/58/58
f 74/58/58 71/69/69 73/67/67
f 74/58/58 73/67/67 76/60/60
f 76/60/60 73/67/67 75/63/63
f 62/75/75 61/50/50 66/77/77
f 66/77/77 61/50/50 65/84/84
f 66/77/77 65/84/84 68/79/79
f 68/79/79 65/84/84 67/81/81
f 77/87/87 55/88/62 78/89/88
f 78/89/88 55/88/62 54/90/64
f 80/91/89 97/92/90 79/93/91
f 79/93/91 97/92/90 98/94/92
f 79/93/91 98/94/92 96/95/93
f 96/95/93 98/94/92 95/96/94
f 95/96/94 98/94/92 94/97/95
f 94/97/95 98/94/92 100/98/96
f 94/97/95 100/98/96 93/99/97
f 93/99/97 100/98/96 102/100/98
f 93/99/97 102/100/98 92/101/99
f 92/101/99 102/100/98 104/102/100
f 92/101/99 104/102/100 91/103/101
f 91/103/101 104/102/100 106/104/102
f 91/103/101 106/104/102 90/105/103
f 90/105/103 106/104/102 108/106/104
f 90/105/103 108/106/104 89/107/105
f 89/107/105 108/106/104 110/108/106
f 89/107/105 110/108/106 88/109/107
f 88/109/107 110/108/106 112/110/108
f 88/109/107 112/110/108 78/111/88
f 78/111/88 112/110/108 111/112/109
f 78/111/88 111/112/109 77/113/87
f 77/113/87 111/112/109 87/114/110
f 87/114/110 111/112/109 86/115/111
f 86/115/111 111/112/109 109/116/112
f 86/115/111 109/116/112 85/117/113
f 85/117/113 109/116/112 107/118/114
f 85/117/113 107/118/114 84/119/115
f 84/119/115 107/118/114 105/120/116
f 84/119/115 105/120/116 83/121/117
f 83/121/117 105/120/116 103/122/118
f 83/121/117 103/122/118 82/123/119
f 82/123/119 103/122/118 101/124/120
f 82/123/119 101/124/120 81/125/121
f 81/125/121 101/124/120 99/126/122
f 81/125/121 99/126/122 80/91/89
f 80/91/89 99/126/122 97/92/90
f 100/98/96 98/94/92 97/92/90
f 100/98/96 97/92/90 99/126/122
f 102/100/98 100/98/96 99/126/122
f 102/100/98 99/126/122 101/124/120
f 104/102/100 102/100/98 101/124/120
f 104/102/100 101/124/120 103/122/118
f 106/104/102 104/102/100 103/122/118
f 106/104/102 103/122/118 105/120/116
f 108/106/104 106/104/102 105/120/116
f 108/106/104 105/120/116 107/118/114
f 110/108/106 108/106/104 107/118/114
f 110/108/106 107/118/114 109/116/112
f 112/110/108 110/108/106 109/116/112
f 112/110/108 109/116/112 111/112/109
f 113/127/123 79/128/91 114/129/124
f 114/129/124 79/128/91 96/130/93
f 116/131/125 133/132/126 115/133/127
f 115/133/127 133/132/126 134/134/128
f 115/133/127 134/134/128 132/135/129
f 132/135/129 134/134/128 131/136/130
f 131/136/130 134/134/128 130/137/131
f 130/137/131 134/134/128 136/138/132
f 130/137/131 136/138/132 129/139/133
f 129/139/133 136/138/132 138/140/134
f 129/139/133 138/140/134 128/141/135
f 128/141/135 138/140/134 140/142/136
f 128/141/135 140/142/136 127/143/137
f 127/143/137 140/142/136 142/144/138
f 127/143/137 142/144/138 126/145/139
f 126/145/139 142/144/138 144/146/140
f 126/145/139 144/146/140 125/147/141
f 125/147/141 144/146/140 146/148/142
f 125/147/141 146/148/142 124/149/143
f 124/149/143 146/148/142 148/150/144
f 124/149/143 148/150/144 114/151/124
f 114/151/124 148/150/144 147/152/145
f 114/151/124 147/152/145 113/153/123
f 113/153/123 147/152/145 123/154/146
f 123/154/146 147/152/145 122/155/147
f 122/155/147 147/152/145 145/156/148
f 122/155/147 145/156/148 121/157/149
f 121/157/149 145/156/148 143/158/150
f 121/157/149 143/158/150 120/159/151
f 120/159/151 143/158/150 141/160/152
f 120/159/151 141/160/152 119/161/153
f 119/161/153 141/160/152 139/162/154
f 119/161/153 139/162/154 118/163/155
f 118/163/155 139/162/154 137/164/156
f 118/163/155 137/164/156 117/165/157
f 117/165/157 137/164/156 135/166/158
f 117/165/157 135/166/158 116/131/125
f 116/131/125 135/166/158 133/132/126
f 136/138/132 134/134/128 133/132/126
f 136/138/132 133/132/126 135/166/158
f 138/140/134 136/138/132 135/166/158
f 138/140/134 135/166/158 137/164/156
f 140/142/136 138/140/134 137/164/156
f 140/142/136 137/164/156 139/162/154
f 142/144/138 140/142/136 139/162/154
f 142/144/138 139/162/154 141/160/152
f 144/146/140 142/144/138 141/160/152
f 144/146/140 141/160/152 143/158/150
f 146/148/142 144/146/140 143/158/150
f 146/148/142 143/158/150 145/156/148
f 148/150/144 146/148/142 145/156/148
f 148/150/144 145/156/148 147/152/145
f 7/167/38 115/168/127 8/169/29
f 8/169/29 115/168/127 132/170/129
f 17/171/13 45/172/80 18/173/11
f 18/173/11 45/172/80 40/174/86
f 1/175/159 22/176/160 152/177/161
f 152/177/161 22/176/160 151/178/162
f 151/178/162 22/176/160 150/179/163
f 150/179/163 22/176/160 39/180/164
f 150/179/163 39/180/164 149/181/165
f 149/181/165 39/180/164 44/182/166
f 151/183/167 150/184/168 154/185/169
f 154/185/169 150/184/168 153/186/170
f 150/187/171 149/188/172 153/189/173
f 153/189/173 149/188/172 155/190/174
f 152/191/175 151/192/176 156/193/177
f 156/193/177 151/192/176 154/194/178
f 115/195/179 7/196/180 152/197/181
f 152/197/181 7/196/180 6/198/182
f 152/197/181 6/198/182 5/199/183
f 5/199/183 4/200/184 152/197/181
f 152/197/181 4/200/184 3/201/185
f 152/197/181 3/201/185 2/202/186
f 2/202/186 1/203/187 152/197/181
f 156/204/188 119/205/189 152/197/181
f 152/197/181 119/205/189 118/206/190
f 152/197/181 118/206/190 117/207/191
f 155/208/192 113/209/193 156/204/188
f 156/204/188 113/209/193 123/210/194
f 156/204/188 123/210/194 122/211/195
f 149/212/196 84/213/197 155/208/192
f 155/208/192 84/213/197 83/214/198
f 155/208/192 83/214/198 82/215/199
f 44/216/200 60/217/201 149/212/196
f 149/212/196 60/217/201 59/218/202
f 149/212/196 59/218/202 58/219/203
f 58/219/203 57/220/204 149/212/196
f 149/212/196 57/220/204 56/221/205
f 149/212/196 56/221/205 55/222/206
f 55/222/206 77/223/207 149/212/196
f 149/212/196 77/223/207 87/224/208
f 149/212/196 87/224/208 86/225/209
f 86/225/209 85/226/210 149/212/196
f 149/212/196 85/226/210 84/213/197
f 82/215/199 81/227/211 155/208/192
f 155/208/192 81/227/211 80/228/212
f 155/208/192 80/228/212 79/229/213
f 79/229/213 113/209/193 155/208/192
f 122/211/195 121/230/214 156/204/188
f 156/204/188 121/230/214 120/231/215
f 156/204/188 120/231/215 119/205/189
f 117/207/191 116/232/216 152/197/181
f 152/197/181 116/232/216 115/195/179
f 158/233/217 303/234/218 157/235/219
f 157/235/219 303/234/218 304/236/220
f 157/235/219 304/236/220 192/237/221
f 192/237/221 304/236/220 305/238/222
f 192/237/221 305/238/222 191/239/223
f 191/239/223 305/238/222 306/240/224
f 191/239/223 306/240/224 190/241/225
f 190/241/225 306/240/224 307/242/226
f 190/241/225 307/242/226 189/243/227
f 189/243/227 307/242/226 308/244/228
f 189/243/227 308/244/228 188/245/229
f 188/245/229 308/244/228 309/246/230
f 188/245/229 309/246/230 310/247/231
f 303/234/218 158/233/217 302/248/232
f 302/248/232 158/233/217 159/249/233
f 302/248/232 159/249/233 301/250/234
f 301/250/234 159/249/233 160/251/235
f 301/250/234 160/251/235 161/252/236
f 161/252/236 162/253/237 301/250/234
f 301/250/234 162/253/237 163/254/238
f 301/250/234 163/254/238 164/255/239
f 301/250/234 164/255/239 156/256/240
f 156/256/240 164/255/239 165/257/241
f 156/256/240 165/257/241 166/258/242
f 166/258/242 167/259/243 156/256/240
f 156/256/240 167/259/243 168/260/244
f 156/256/240 168/260/244 169/261/245
f 169/261/245 170/262/246 156/256/240
f 156/256/240 170/262/246 171/263/247
f 156/256/240 171/263/247 172/264/248
f 172/264/248 173/265/249 156/256/240
f 156/256/240 173/265/249 174/266/250
f 156/256/240 174/266/250 175/267/251
f 175/267/251 176/268/252 156/256/240
f 156/256/240 176/268/252 177/269/253
f 156/256/240 177/269/253 318/270/254
f 318/270/254 177/269/253 178/271/255
f 318/270/254 178/271/255 179/272/256
f 179/272/256 180/273/257 318/270/254
f 318/270/254 180/273/257 181/274/258
f 318/270/254 181/274/258 182/275/259
f 182/275/259 183/276/260 318/270/254
f 318/270/254 183/276/260 317/277/261
f 317/277/261 183/276/260 316/278/262
f 316/278/262 183/276/260 184/279/263
f 316/278/262 184/279/263 315/280/264
f 315/280/264 184/279/263 314/281/265
f 314/281/265 184/279/263 185/282/266
f 314/281/265 185/282/266 313/283/267
f 313/283/267 185/282/266 312/284/268
f 312/284/268 185/282/266 186/285/269
f 312/284/268 186/285/269 311/286/270
f 311/286/270 186/285/269 187/287/271
f 311/286/270 187/287/271 310/247/231
f 310/247/231 187/287/271 188/245/229
f 228/288/272 193/289/273 155/290/274
f 155/290/274 193/289/273 194/291/275
f 155/290/274 194/291/275 195/292/276
f 195/292/276 196/293/277 155/290/274
f 155/290/274 196/293/277 197/294/278
f 155/290/274 197/294/278 198/295/279
f 198/295/279 199/296/280 155/290/274
f 155/290/274 199/296/280 200/297/281
f 155/290/274 200/297/281 201/298/282
f 201/298/282 202/299/283 155/290/274
f 155/290/274 202/299/283 203/300/284
f 155/290/274 203/300/284 204/301/285
f 155/290/274 204/301/285 336/302/286
f 336/302/286 204/301/285 205/303/287
f 336/302/286 205/303/287 206/304/288
f 206/304/288 207/305/289 336/302/286
f 336/302/286 207/305/289 208/306/290
f 336/302/286 208/306/290 209/307/291
f 336/302/286 209/307/291 335/308/292
f 335/308/292 209/307/291 210/309/293
f 335/308/292 210/309/293 334/310/294
f 334/310/294 210/309/293 211/311/295
f 334/310/294 211/311/295 333/312/296
f 333/312/296 211/311/295 212/313/297
f 333/312/296 212/313/297 332/314/298
f 332/314/298 212/313/297 213/315/299
f 332/314/298 213/315/299 331/316/300
f 331/316/300 213/315/299 214/317/301
f 331/316/300 214/317/301 330/318/302
f 330/318/302 214/317/301 215/319/303
f 330/318/302 215/319/303 329/320/304
f 329/320/304 215/319/303 216/321/305
f 329/320/304 216/321/305 328/322/306
f 328/322/306 216/321/305 327/323/307
f 327/323/307 216/321/305 217/324/308
f 327/323/307 217/324/308 326/325/309
f 326/325/309 217/324/308 218/326/310
f 326/325/309 218/326/310 325/327/311
f 325/327/311 218/326/310 219/328/312
f 325/327/311 219/328/312 324/329/313
f 324/329/313 219/328/312 323/330/314
f 323/330/314 219/328/312 220/331/315
f 323/330/314 220/331/315 322/332/316
f 322/332/316 220/331/315 321/333/317
f 321/333/317 220/331/315 221/334/318
f 321/333/317 221/334/318 320/335/319
f 320/335/319 221/334/318 319/336/320
f 319/336/320 221/334/318 222/337/321
f 319/336/320 222/337/321 223/338/322
f 223/338/322 224/339/323 319/336/320
f 319/336/320 224/339/323 225/340/324
f 319/336/320 225/340/324 226/341/325
f 226/341/325 227/342/326 319/336/320
f 319/336/320 227/342/326 155/290/274
f 319/336/320 155/290/274 156/256/240
f 227/342/326 228/288/272 155/290/274
f 264/343/327 229/344/328 153/345/329
f 153/345/329 229/344/328 230/346/330
f 153/345/329 230/346/330 231/347/331
f 153/345/329 231/347/331 354/348/332
f 354/348/332 231/347/331 232/349/333
f 354/348/332 232/349/333 233/350/334
f 233/350/334 234/351/335 354/348/332
f 354/348/332 234/351/335 235/352/336
f 354/348/332 235/352/336 236/353/337
f 236/353/337 237/354/338 354/348/332
f 354/348/332 237/354/338 353/355/339
f 353/355/339 237/354/338 352/356/340
f 352/356/340 237/354/338 238/357/341
f 352/356/340 238/357/341 351/358/342
f 351/358/342 238/357/341 350/359/343
f 350/359/343 238/357/341 239/360/344
f 350/359/343 239/360/344 349/361/345
f 349/361/345 239/360/344 348/362/346
f 348/362/346 239/360/344 240/363/347
f 348/362/346 240/363/347 347/364/348
f 347/364/348 240/363/347 241/365/349
f 347/364/348 241/365/349 346/366/350
f 346/366/350 241/365/349 242/367/351
f 346/366/350 242/367/351 345/368/352
f 345/368/352 242/367/351 344/369/353
f 344/369/353 242/367/351 243/370/354
f 344/369/353 243/370/354 343/371/355
f 343/371/355 243/370/354 244/372/356
f 343/371/355 244/372/356 342/373/357
f 342/373/357 244/372/356 245/374/358
f 342/373/357 245/374/358 341/375/359
f 341/375/359 245/374/358 246/376/360
f 341/375/359 246/376/360 340/377/361
f 340/377/361 246/376/360 247/378/362
f 340/377/361 247/378/362 339/379/363
f 339/379/363 247/378/362 248/380/364
f 339/379/363 248/380/364 338/381/365
f 338/381/365 248/380/364 249/382/366
f 338/381/365 249/382/366 337/383/367
f 337/383/367 249/382/366 250/384/368
f 337/383/367 250/384/368 251/385/369
f 251/385/369 252/386/370 337/383/367
f 337/383/367 252/386/370 253/387/371
f 337/383/367 253/387/371 254/388/372
f 337/383/367 254/388/372 153/345/329
f 153/345/329 254/388/372 255/389/373
f 153/345/329 255/389/373 256/390/374
f 256/390/374 257/391/375 153/345/329
f 153/345/329 257/391/375 258/392/376
f 153/345/329 258/392/376 259/393/377
f 259/393/377 260/394/378 153/345/329
f 153/345/329 260/394/378 261/395/379
f 153/345/329 261/395/379 262/396/380
f 262/396/380 263/397/381 153/345/329
f 153/345/329 263/397/381 264/343/327
f 266/398/382 369/399/383 265/400/384
f 265/400/384 369/399/383 370/401/385
f 265/400/384 370/401/385 300/402/386
f 300/402/386 370/401/385 371/403/387
f 300/402/386 371/403/387 299/404/388
f 299/404/388 371/403/387 372/405/389
f 299/404/388 372/405/389 298/406/390
f 298/406/390 372/405/389 297/407/391
f 297/407/391 372/405/389 296/408/392
f 296/408/392 372/405/389 295/409/393
f 295/409/393 372/405/389 294/410/394
f 294/410/394 372/405/389 154/411/395
f 294/410/394 154/411/395 293/412/396
f 293/412/396 154/411/395 292/413/397
f 292/413/397 154/411/395 291/414/398
f 291/414/398 154/411/395 290/415/399
f 290/415/399 154/411/395 289/416/400
f 289/416/400 154/411/395 288/417/401
f 288/417/401 154/411/395 287/418/402
f 287/418/402 154/411/395 286/419/403
f 286/419/403 154/411/395 285/420/404
f 285/420/404 154/411/395 284/421/405
f 284/421/405 154/411/395 283/422/406
f 283/422/406 154/411/395 282/423/407
f 282/423/407 154/411/395 281/424/408
f 281/424/408 154/411/395 355/425/409
f 281/424/408 355/425/409 280/426/410
f 280/426/410 355/425/409 279/427/411
f 279/427/411 355/425/409 278/428/412
f 278/428/412 355/425/409 277/429/413
f 277/429/413 355/425/409 276/430/414
f 276/430/414 355/425/409 275/431/415
f 275/431/415 355/425/409 356/432/416
f 275/431/415 356/432/416 357/433/417
f 369/399/383 266/398/382 368/434/418
f 368/434/418 266/398/382 267/435/419
f 368/434/418 267/435/419 367/436/420
f 367/436/420 267/435/419 268/437/421
f 367/436/420 268/437/421 366/438/422
f 366/438/422 268/437/421 269/439/423
f 366/438/422 269/439/423 365/440/424
f 365/440/424 269/439/423 270/441/425
f 365/440/424 270/441/425 364/442/426
f 364/442/426 270/441/425 363/443/427
f 363/443/427 270/441/425 271/444/428
f 363/443/427 271/444/428 362/445/429
f 362/445/429 271/444/428 272/446/430
f 362/445/429 272/446/430 361/447/431
f 361/447/431 272/446/430 273/448/432
f 361/447/431 273/448/432 360/449/433
f 360/449/433 273/448/432 359/450/434
f 359/450/434 273/448/432 274/451/435
f 359/450/434 274/451/435 358/452/436
f 358/452/436 274/451/435 357/433/417
f 357/433/417 274/451/435 275/431/415
f 156/256/240 154/411/395 301/250/234
f 301/250/234 154/411/395 372/405/389
f 154/411/395 153/345/329 355/425/409
f 355/425/409 153/345/329 354/348/332
f 337/383/367 153/345/329 336/302/286
f 336/302/286 153/345/329 155/290/274
f 318/270/254 319/336/320 156/256/240
f 228/453/437 411/454/438 193/455/439
f 193/455/439 411/454/438 409/456/440
f 193/457/439 409/458/440 194/459/441
f 194/459/441 409/458/440 479/460/442
f 194/459/441 479/460/442 195/461/443
f 195/461/443 479/460/442 477/462/444
f 195/461/443 477/462/444 196/463/445
f 196/463/445 477/462/444 475/464/446
f 196/463/445 475/464/446 197/465/447
f 197/465/447 475/464/446 473/466/448
f 197/465/447 473/466/448 198/467/449
f 198/467/449 473/466/448 471/468/450
f 198/467/449 471/468/450 199/469/451
f 199/469/451 471/468/450 469/470/452
f 199/469/451 469/470/452 200/471/453
f 200/471/453 469/470/452 467/472/454
f 200/471/453 467/472/454 201/473/455
f 201/473/455 467/472/454 465/474/456
f 201/473/455 465/474/456 202/475/457
f 202/475/457 465/474/456 463/476/458
f 202/475/457 463/476/458 203/477/459
f 203/477/459 463/476/458 461/478/460
f 203/477/459 461/478/460 204/479/461
f 204/479/461 461/478/460 459/480/462
f 204/479/461 459/480/462 205/481/463
f 205/481/463 459/480/462 457/482/464
f 205/481/463 457/482/464 206/483/465
f 206/483/465 457/482/464 455/484/466
f 206/483/465 455/484/466 207/485/467
f 207/485/467 455/484/466 453/486/468
f 207/485/467 453/486/468 208/487/469
f 208/487/469 453/486/468 451/488/470
f 208/487/469 451/488/470 209/489/471
f 209/489/471 451/488/470 449/490/472
f 209/489/471 449/490/472 210/491/473
f 210/491/473 449/490/472 447/492/474
f 210/491/473 447/492/474 211/493/475
f 211/493/475 447/492/474 445/494/476
f 211/493/475 445/494/476 212/495/477
f 212/495/477 445/494/476 443/496/478
f 212/495/477 443/496/478 213/497/479
f 213/497/479 443/496/478 441/498/480
f 213/497/479 441/498/480 214/499/481
f 214/499/481 441/498/480 439/500/482
f 214/499/481 439/500/482 215/501/483
f 215/501/483 439/500/482 437/502/484
f 215/501/483 437/502/484 216/503/485
f 216/503/485 437/502/484 435/504/486
f 216/503/485 435/504/486 217/505/487
f 217/505/487 435/504/486 433/506/488
f 217/505/487 433/506/488 218/507/489
f 218/507/489 433/506/488 431/508/490
f 218/507/489 431/508/490 219/509/491
f 219/509/491 431/508/490 429/510/492
f 219/509/491 429/510/492 220/511/493
f 220/511/493 429/510/492 427/512/494
f 220/511/493 427/512/494 221/513/495
f 221/513/495 427/512/494 425/514/496
f 221/513/495 425/514/496 222/515/497
f 222/515/497 425/514/496 423/516/498
f 222/515/497 423/516/498 223/517/499
f 223/517/499 423/516/498 421/518/500
f 223/517/499 421/518/500 224/519/501
f 224/519/501 421/518/500 419/520/502
f 224/519/501 419/520/502 225/521/503
f 225/521/503 419/520/502 417/522/504
f 225/521/503 417/522/504 226/523/505
f 226/523/505 417/522/504 415/524/506
f 226/523/505 415/524/506 227/525/507
f 227/525/507 415/524/506 413/526/508
f 227/525/507 413/526/508 228/453/437
f 228/453/437 413/526/508 411/454/438
f 374/527/509 480/528/510 373/529/511
f 373/529/511 480/528/510 410/530/512
f 373/531/511 410/532/512 408/533/513
f 408/533/513 410/532/512 412/534/514
f 408/533/513 412/534/514 407/535/515
f 407/535/515 412/534/514 414/536/516
f 407/535/515 414/536/516 406/537/517
f 406/537/517 414/536/516 416/538/518
f 406/537/517 416/538/518 405/539/519
f 405/539/519 416/538/518 418/540/520
f 405/539/519 418/540/520 404/541/521
f 404/541/521 418/540/520 420/542/522
f 404/541/521 420/542/522 403/543/523
f 403/543/523 420/542/522 422/544/524
f 403/543/523 422/544/524 402/545/525
f 402/545/525 422/544/524 424/546/526
f 402/545/525 424/546/526 401/547/527
f 401/547/527 424/546/526 426/548/528
f 401/547/527 426/548/528 400/549/529
f 400/549/529 426/548/528 428/550/530
f 400/549/529 428/550/530 399/551/531
f 399/551/531 428/550/530 430/552/532
f 399/551/531 430/552/532 398/553/533
f 398/553/533 430/552/532 432/554/534
f 398/553/533 432/554/534 397/555/535
f 397/555/535 432/554/534 434/556/536
f 397/555/535 434/556/536 396/557/537
f 396/557/537 434/556/536 436/558/538
f 396/557/537 436/558/538 395/559/539
f 395/559/539 436/558/538 438/560/540
f 395/559/539 438/560/540 394/561/541
f 394/561/541 438/560/540 440/562/542
f 394/561/541 440/562/542 393/563/543
f 393/563/543 440/562/542 442/564/544
f 393/563/543 442/564/544 392/565/545
f 392/565/545 442/564/544 444/566/546
f 392/565/545 444/566/546 391/567/547
f 391/567/547 444/566/546 446/568/548
f 391/567/547 446/568/548 390/569/549
f 390/569/549 446/568/548 448/570/550
f 390/569/549 448/570/550 389/571/551
f 389/571/551 448/570/550 450/572/552
f 389/571/551 450/572/552 388/573/553
f 388/573/553 450/572/552 452/574/554
f 388/573/553 452/574/554 387/575/555
f 387/575/555 452/574/554 454/576/556
f 387/575/555 454/576/556 386/577/557
f 386/577/557 454/576/556 456/578/558
f 386/577/557 456/578/558 385/579/559
f 385/579/559 456/578/558 458/580/560
f 385/579/559 458/580/560 384/581/561
f 384/581/561 458/580/560 460/582/562
f 384/581/561 460/582/562 383/583/563
f 383/583/563 460/582/562 462/584/564
f 383/583/563 462/584/564 382/585/565
f 382/585/565 462/584/564 464/586/566
f 382/585/565 464/586/566 381/587/567
f 381/587/567 464/586/566 466/588/568
f 381/587/567 466/588/568 380/589/569
f 380/589/569 466/588/568 468/590/570
f 380/589/569 468/590/570 379/591/571
f 379/591/571 468/590/570 470/592/572
f 379/591/571 470/592/572 378/593/573
f 378/593/573 470/592/572 472/594/574
f 378/593/573 472/594/574 377/595/575
f 377/595/575 472/594/574 474/596/576
f 377/595/575 474/596/576 376/597/577
f 376/597/577 474/596/576 476/598/578
f 376/597/577 476/598/578 375/599/579
f 375/599/579 476/598/578 478/600/580
f 375/599/579 478/600/580 374/527/509
f 374/527/509 478/600/580 480/528/510
f 409/458/440 410/530/512 479/460/442
f 479/460/442 410/530/512 480/528/510
f 479/460/442 480/528/510 477/462/444
f 477/462/444 480/528/510 478/600/580
f 477/462/444 478/600/580 475/464/446
f 475/464/446 478/600/580 476/598/578
f 475/464/446 476/598/578 473/466/448
f 473/466/448 476/598/578 474/596/576
f 473/466/448 474/596/576 471/468/450
f 471/468/450 474/596/576 472/594/574
f 471/468/450 472/594/574 469/470/452
f 469/470/452 472/594/574 470/592/572
f 469/470/452 470/592/572 467/472/454
f 467/472/454 470/592/572 468/590/570
f 467/472/454 468/590/570 465/474/456
f 465/474/456 468/590/570 466/588/568
f 465/474/456 466/588/568 463/476/458
f 463/476/458 466/588/568 464/586/566
f 463/476/458 464/586/566 461/478/460
f 461/478/460 464/586/566 462/584/564
f 461/478/460 462/584/564 459/480/462
f 459/480/462 462/584/564 460/582/562
f 459/480/462 460/582/562 457/482/464
f 457/482/464 460/582/562 458/580/560
f 457/482/464 458/580/560 455/484/466
f 455/484/466 458/580/560 456/578/558
f 455/484/466 456/578/558 453/486/468
f 453/486/468 456/578/558 454/576/556
f 453/486/468 454/576/556 451/488/470
f 451/488/470 454/576/556 452/574/554
f 451/488/470 452/574/554 449/490/472
f 449/490/472 452/574/554 450/572/552
f 449/490/472 450/572/552 447/492/474
f 447/492/474 450/572/552 448/570/550
f 447/492/474 448/570/550 445/494/476
f 445/494/476 448/570/550 446/568/548
f 445/494/476 446/568/548 443/496/478
f 443/496/478 446/568/548 444/566/546
f 443/496/478 444/566/546 441/498/480
f 441/498/480 444/566/546 442/564/544
f 441/498/480 442/564/544 439/500/482
f 439/500/482 442/564/544 440/562/542
f 439/500/482 440/562/542 437/502/484
f 437/502/484 440/562/542 438/560/540
f 437/502/484 438/560/540 435/504/486
f 435/504/486 438/560/540 436/558/538
f 435/504/486 436/558/538 433/506/488
f 433/506/488 436/558/538 434/556/536
f 433/506/488 434/556/536 431/508/490
f 431/508/490 434/556/536 432/554/534
f 431/508/490 432/554/534 429/510/492
f 429/510/492 432/554/534 430/552/532
f 429/510/492 430/552/532 427/512/494
f 427/512/494 430/552/532 428/550/530
f 427/512/494 428/550/530 425/514/496
f 425/514/496 428/550/530 426/548/528
f 425/514/496 426/548/528 423/516/498
f 423/516/498 426/548/528 424/546/526
f 423/516/498 424/546/526 421/518/500
f 421/518/500 424/546/526 422/544/524
f 421/518/500 422/544/524 419/520/502
f 419/520/502 422/544/524 420/542/522
f 419/520/502 420/542/522 417/522/504
f 417/522/504 420/542/522 418/540/520
f 417/522/504 418/540/520 415/524/506
f 415/524/506 418/540/520 416/538/518
f 415/524/506 416/538/518 413/526/508
f 413/526/508 416/538/518 414/536/516
f 413/526/508 414/536/516 411/454/438
f 411/454/438 414/536/516 412/534/514
f 411/454/438 412/534/514 409/456/440
f 409/456/440 412/534/514 410/532/512
f 264/601/581 519/602/582 229/603/583
f 229/603/583 519/602/582 517/604/584
f 229/605/583 517/606/584 230/607/585
f 230/607/585 517/606/584 587/608/586
f 230/607/585 587/608/586 231/609/587
f 231/609/587 587/608/586 585/610/588
f 231/609/587 585/610/588 232/611/589
f 232/611/589 585/610/588 583/612/590
f 232/611/589 583/612/590 233/613/591
f 233/613/591 583/612/590 581/614/592
f 233/613/591 581/614/592 234/615/593
f 234/615/593 581/614/592 579/616/594
f 234/615/593 579/616/594 235/617/595
f 235/617/595 579/616/594 577/618/596
f 235/617/595 577/618/596 236/619/597
f 236/619/597 577/618/596 575/620/598
f 236/619/597 575/620/598 237/621/599
f 237/621/599 575/620/598 573/622/600
f 237/621/599 573/622/600 238/623/601
f 238/623/601 573/622/600 571/624/602
f 238/623/601 571/624/602 239/625/603
f 239/625/603 571/624/602 569/626/604
f 239/625/603 569/626/604 240/627/605
f 240/627/605 569/626/604 567/628/606
f 240/627/605 567/628/606 241/629/607
f 241/629/607 567/628/606 565/630/608
f 241/629/607 565/630/608 242/631/609
f 242/631/609 565/630/608 563/632/610
f 242/631/609 563/632/610 243/633/611
f 243/633/611 563/632/610 561/634/612
f 243/633/611 561/634/612 244/635/613
f 244/635/613 561/634/612 559/636/614
f 244/635/613 559/636/614 245/637/615
f 245/637/615 559/636/614 557/638/616
f 245/637/615 557/638/616 246/639/617
f 246/639/617 557/638/616 555/640/618
f 246/639/617 555/640/618 247/641/619
f 247/641/619 555/640/618 553/642/620
f 247/641/619 553/642/620 248/643/621
f 248/643/621 553/642/620 551/644/622
f 248/643/621 551/644/622 249/645/623
f 249/645/623 551/644/622 549/646/624
f 249/645/623 549/646/624 250/647/625
f 250/647/625 549/646/624 547/648/626
f 250/647/625 547/648/626 251/649/627
f 251/649/627 547/648/626 545/650/628
f 251/649/627 545/650/628 252/651/629
f 252/651/629 545/650/628 543/652/630
f 252/651/629 543/652/630 253/653/631
f 253/653/631 543/652/630 541/654/632
f 253/653/631 541/654/632 254/655/633
f 254/655/633 541/654/632 539/656/634
f 254/655/633 539/656/634 255/657/635
f 255/657/635 539/656/634 537/658/636
f 255/657/635 537/658/636 256/659/637
f 256/659/637 537/658/636 535/660/638
f 256/659/637 535/660/638 257/661/639
f 257/661/639 535/660/638 533/662/640
f 257/661/639 533/662/640 258/663/641
f 258/663/641 533/662/640 531/664/642
f 258/663/641 531/664/642 259/665/643
f 259/665/643 531/664/642 529/666/644
f 259/665/643 529/666/644 260/667/645
f 260/667/645 529/666/644 527/668/646
f 260/667/645 527/668/646 261/669/647
f 261/669/647 527/668/646 525/670/648
f 261/669/647 525/670/648 262/671/649
f 262/671/649 525/670/648 523/672/650
f 262/671/649 523/672/650 263/673/651
f 263/673/651 523/672/650 521/674/652
f 263/673/651 521/674/652 264/601/581
f 264/601/581 521/674/652 519/602/582
f 482/675/653 588/676/654 481/677/655
f 481/677/655 588/676/654 518/678/656
f 481/679/655 518/680/656 516/681/657
f 516/681/657 518/680/656 520/682/658
f 516/681/657 520/682/658 515/683/659
f 515/683/659 520/682/658 522/684/660
f 515/683/659 522/684/660 514/685/661
f 514/685/661 522/684/660 524/686/662
f 514/685/661 524/686/662 513/687/663
f 513/687/663 524/686/662 526/688/664
f 513/687/663 526/688/664 512/689/665
f 512/689/665 526/688/664 528/690/666
f 512/689/665 528/690/666 511/691/667
f 511/691/667 528/690/666 530/692/668
f 511/691/667 530/692/668 510/693/669
f 510/693/669 530/692/668 532/694/670
f 510/693/669 532/694/670 509/695/671
f 509/695/671 532/694/670 534/696/672
f 509/695/671 534/696/672 508/697/673
f 508/697/673 534/696/672 536/698/674
f 508/697/673 536/698/674 507/699/675
f 507/699/675 536/698/674 538/700/676
f 507/699/675 538/700/676 506/701/677
f 506/701/677 538/700/676 540/702/678
f 506/701/677 540/702/678 505/703/679
f 505/703/679 540/702/678 542/704/680
f 505/703/679 542/704/680 504/705/681
f 504/705/681 542/704/680 544/706/682
f 504/705/681 544/706/682 503/707/683
f 503/707/683 544/706/682 546/708/684
f 503/707/683 546/708/684 502/709/685
f 502/709/685 546/708/684 548/710/686
f 502/709/685 548/710/686 501/711/687
f 501/711/687 548/710/686 550/712/688
f 501/711/687 550/712/688 500/713/689
f 500/713/689 550/712/688 552/714/690
f 500/713/689 552/714/690 499/715/691
f 499/715/691 552/714/690 554/716/692
f 499/715/691 554/716/692 498/717/693
f 498/717/693 554/716/692 556/718/694
f 498/717/693 556/718/694 497/719/695
f 497/719/695 556/718/694 558/720/696
f 497/719/695 558/720/696 496/721/697
f 496/721/697 558/720/696 560/722/698
f 496/721/697 560/722/698 495/723/699
f 495/723/699 560/722/698 562/724/700
f 495/723/699 562/724/700 494/725/701
f 494/725/701 562/724/700 564/726/702
f 494/725/701 564/726/702 493/727/703
f 493/727/703 564/726/702 566/728/704
f 493/727/703 566/728/704 492/729/705
f 492/729/705 566/728/704 568/730/706
f 492/729/705 568/730/706 491/731/707
f 491/731/707 568/730/706 570/732/708
f 491/731/707 570/732/708 490/733/709
f 490/733/709 570/732/708 572/734/710
f 490/733/709 572/734/710 489/735/711
f 489/735/711 572/734/710 574/736/712
f 489/735/711 574/736/712 488/737/713
f 488/737/713 574/736/712 576/738/714
f 488/737/713 576/738/714 487/739/715
f 487/739/715 576/738/714 578/740/716
f 487/739/715 578/740/716 486/741/717
f 486/741/717 578/740/716 580/742/718
f 486/741/717 580/742/718 485/743/719
f 485/743/719 580/742/718 582/744/720
f 485/743/719 582/744/720 484/745/721
f 484/745/721 582/744/720 584/746/722
f 484/745/721 584/746/722 483/747/723
f 483/747/723 584/746/722 586/748/724
f 483/747/723 586/748/724 482/675/653
f 482/675/653 586/748/724 588/676/654
f 517/606/584 518/678/656 587/608/586
f 587/608/586 518/678/656 588/676/654
f 587/608/586 588/676/654 585/610/588
f 585/610/588 588/676/654 586/748/724
f 585/610/588 586/748/724 583/612/590
f 583/612/590 586/748/724 584/746/722
f 583/612/590 584/746/722 581/614/592
f 581/614/592 584/746/722 582/744/720
f 581/614/592 582/744/720 579/616/594
f 579/616/594 582/744/720 580/742/718
f 579/616/594 580/742/718 577/618/596
f 577/618/596 580/742/718 578/740/716
f 577/618/596 578/740/716 575/620/598
f 575/620/598 578/740/716 576/738/714
f 575/620/598 576/738/714 573/622/600
f 573/622/600 576/738/714 574/736/712
f 573/622/600 574/736/712 571/624/602
f 571/624/602 574/736/712 572/734/710
f 571/624/602 572/734/710 569/626/604
f 569/626/604 572/734/710 570/732/708
f 569/626/604 570/732/708 567/628/606
f 567/628/606 570/732/708 568/730/706
f 567/628/606 568/730/706 565/630/608
f 565/630/608 568/730/706 566/728/704
f 565/630/608 566/728/704 563/632/610
f 563/632/610 566/728/704 564/726/702
f 563/632/610 564/726/702 561/634/612
f 561/634/612 564/726/702 562/724/700
f 561/634/612 562/724/700 559/636/614
f 559/636/614 562/724/700 560/722/698
f 559/636/614 560/722/698 557/638/616
f 557/638/616 560/722/698 558/720/696
f 557/638/616 558/720/696 555/640/618
f 555/640/618 558/720/696 556/718/694
f 555/640/618 556/718/694 553/642/620
f 553/642/620 556/718/694 554/716/692
f 553/642/620 554/716/692 551/644/622
f 551/644/622 554/716/692 552/714/690
f 551/644/622 552/714/690 549/646/624
f 549/646/624 552/714/690 550/712/688
f 549/646/624 550/712/688 547/648/626
f 547/648/626 550/712/688 548/710/686
f 547/648/626 548/710/686 545/650/628
f 545/650/628 548/710/686 546/708/684
f 545/650/628 546/708/684 543/652/630
f 543/652/630 546/708/684 544/706/682
f 543/652/630 544/706/682 541/654/632
f 541/654/632 544/706/682 542/704/680
f 541/654/632 542/704/680 539/656/634
f 539/656/634 542/704/680 540/702/678
f 539/656/634 540/702/678 537/658/636
f 537/658/636 540/702/678 538/700/676
f 537/658/636 538/700/676 535/660/638
f 535/660/638 538/700/676 536/698/674
f 535/660/638 536/698/674 533/662/640
f 533/662/640 536/698/674 534/696/672
f 533/662/640 534/696/672 531/664/642
f 531/664/642 534/696/672 532/694/670
f 531/664/642 532/694/670 529/666/644
f 529/666/644 532/694/670 530/692/668
f 529/666/644 530/692/668 527/668/646
f 527/668/646 530/692/668 528/690/666
f 527/668/646 528/690/666 525/670/648
f 525/670/648 528/690/666 526/688/664
f 525/670/648 526/688/664 523/672/650
f 523/672/650 526/688/664 524/686/662
f 523/672/650 524/686/662 521/674/652
f 521/674/652 524/686/662 522/684/660
f 521/674/652 522/684/660 519/602/582
f 519/602/582 522/684/660 520/682/658
f 519/602/582 520/682/658 517/604/584
f 517/604/584 520/682/658 518/680/656
f 300/749/725 627/750/726 265/751/727
f 265/751/727 627/750/726 625/752/728
f 265/753/727 625/754/728 266/755/729
f 266/755/729 625/754/728 695/756/730
f 266/755/729 695/756/730 267/757/731
f 267/757/731 695/756/730 693/758/732
f 267/757/731 693/758/732 268/759/733
f 268/759/733 693/758/732 691/760/734
f 268/759/733 691/760/734 269/761/735
f 269/761/735 691/760/734 689/762/736
f 269/761/735 689/762/736 270/763/737
f 270/763/737 689/762/736 687/764/738
f 270/763/737 687/764/738 271/765/739
f 271/765/739 687/764/738 685/766/740
f 271/765/739 685/766/740 272/767/741
f 272/767/741 685/766/740 683/768/742
f 272/767/741 683/768/742 273/769/743
f 273/769/743 683/768/742 681/770/744
f 273/769/743 681/770/744 274/771/745
f 274/771/745 681/770/744 679/772/746
f 274/771/745 679/772/746 275/773/747
f 275/773/747 679/772/746 677/774/748
f 275/773/747 677/774/748 276/775/749
f 276/775/749 677/774/748 675/776/750
f 276/775/749 675/776/750 277/777/751
f 277/777/751 675/776/750 673/778/752
f 277/777/751 673/778/752 278/779/753
f 278/779/753 673/778/752 671/780/754
f 278/779/753 671/780/754 279/781/755
f 279/781/755 671/780/754 669/782/756
f 279/781/755 669/782/756 280/783/757
f 280/783/757 669/782/756 667/784/758
f 280/783/757 667/784/758 281/785/759
f 281/785/759 667/784/758 665/786/760
f 281/785/759 665/786/760 282/787/761
f 282/787/761 665/786/760 663/788/762
f 282/787/761 663/788/762 283/789/763
f 283/789/763 663/788/762 661/790/764
f 283/789/763 661/790/764 284/791/765
f 284/791/765 661/790/764 659/792/766
f 284/791/765 659/792/766 285/793/767
f 285/793/767 659/792/766 657/794/768
f 285/793/767 657/794/768 286/795/769
f 286/795/769 657/794/768 655/796/770
f 286/795/769 655/796/770 287/797/771
f 287/797/771 655/796/770 653/798/772
f 287/797/771 653/798/772 288/799/773
f 288/799/773 653/798/772 651/800/774
f 288/799/773 651/800/774 289/801/775
f 289/801/775 651/800/774 649/802/776
f 289/801/775 649/802/776 290/803/777
f 290/803/777 649/802/776 647/804/778
f 290/803/777 647/804/778 291/805/779
f 291/805/779 647/804/778 645/806/780
f 291/805/779 645/806/780 292/807/781
f 292/807/781 645/806/780 643/808/782
f 292/807/781 643/808/782 293/809/783
f 293/809/783 643/808/782 641/810/784
f 293/809/783 641/810/784 294/811/785
f 294/811/785 641/810/784 639/812/786
f 294/811/785 639/812/786 295/813/787
f 295/813/787 639/812/786 637/814/788
f 295/813/787 637/814/788 296/815/789
f 296/815/789 637/814/788 635/816/790
f 296/815/789 635/816/790 297/817/791
f 297/817/791 635/816/790 633/818/792
f 297/817/791 633/818/792 298/819/793
f 298/819/793 633/818/792 631/820/794
f 298/819/793 631/820/794 299/821/795
f 299/821/795 631/820/794 629/822/796
f 299/821/795 629/822/796 300/749/725
f 300/749/725 629/822/796 627/750/726
f 590/823/797 696/824/798 589/825/799
f 589/825/799 696/824/798 626/826/800
f 589/827/799 626/828/800 624/829/801
f 624/829/801 626/828/800 628/830/802
f 624/829/801 628/830/802 623/831/803
f 623/831/803 628/830/802 630/832/804
f 623/831/803 630/832/804 622/833/805
f 622/833/805 630/832/804 632/834/806
f 622/833/805 632/834/806 621/835/807
f 621/835/807 632/834/806 634/836/808
f 621/835/807 634/836/808 620/837/809
f 620/837/809 634/836/808 636/838/810
f 620/837/809 636/838/810 619/839/811
f 619/839/811 636/838/810 638/840/812
f 619/839/811 638/840/812 618/841/813
f 618/841/813 638/840/812 640/842/814
f 618/841/813 640/842/814 617/843/815
f 617/843/815 640/842/814 642/844/816
f 617/843/815 642/844/816 616/845/817
f 616/845/817 642/844/816 644/846/818
f 616/845/817 644/846/818 615/847/819
f 615/847/819 644/846/818 646/848/820
f 615/847/819 646/848/820 614/849/821
f 614/849/821 646/848/820 648/850/822
f 614/849/821 648/850/822 613/851/823
f 613/851/823 648/850/822 650/852/824
f 613/851/823 650/852/824 612/853/825
f 612/853/825 650/852/824 652/854/826
f 612/853/825 652/854/826 611/855/827
f 611/855/827 652/854/826 654/856/828
f 611/855/827 654/856/828 610/857/829
f 610/857/829 654/856/828 656/858/830
f 610/857/829 656/858/830 609/859/831
f 609/859/831 656/858/830 658/860/832
f 609/859/831 658/860/832 608/861/833
f 608/861/833 658/860/832 660/862/834
f 608/861/833 660/862/834 607/863/835
f 607/863/835 660/862/834 662/864/836
f 607/863/835 662/864/836 606/865/837
f 606/865/837 662/864/836 664/866/838
f 606/865/837 664/866/838 605/867/839
f 605/867/839 664/866/838 666/868/840
f 605/867/839 666/868/840 604/869/841
f 604/869/841 666/868/840 668/870/842
f 604/869/841 668/870/842 603/871/843
f 603/871/843 668/870/842 670/872/844
f 603/871/843 670/872/844 602/873/845
f 602/873/845 670/872/844 672/874/846
f 602/873/845 672/874/846 601/875/847
f 601/875/847 672/874/846 674/876/848
f 601/875/847 674/876/848 600/877/849
f 600/877/849 674/876/848 676/878/850
f 600/877/849 676/878/850 599/879/851
f 599/879/851 676/878/850 678/880/852
f 599/879/851 678/880/852 598/881/853
f 598/881/853 678/880/852 680/882/854
f 598/881/853 680/882/854 597/883/855
f 597/883/855 680/882/854 682/884/856
f 597/883/855 682/884/856 596/885/857
f 596/885/857 682/884/856 684/886/858
f 596/885/857 684/886/858 595/887/859
f 595/887/859 684/886/858 686/888/860
f 595/887/859 686/888/860 594/889/861
f 594/889/861 686/888/860 688/890/862
f 594/889/861 688/890/862 593/891/863
f 593/891/863 688/890/862 690/892/864
f 593/891/863 690/892/864 592/893/865
f 592/893/865 690/892/864 692/894/866
f 592/893/865 692/894/866 591/895/867
f 591/895/867 692/894/866 694/896/868
f 591/895/867 694/896/868 590/823/797
f 590/823/797 694/896/868 696/824/798
f 625/754/728 626/826/800 695/756/730
f 695/756/730 626/826/800 696/824/798
f 695/756/730 696/824/798 693/758/732
f 693/758/732 696/824/798 694/896/868
f 693/758/732 694/896/868 691/760/734
f 691/760/734 694/896/868 692/894/866
f 691/760/734 692/894/866 689/762/736
f 689/762/736 692/894/866 690/892/864
f 689/762/736 690/892/864 687/764/738
f 687/764/738 690/892/864 688/890/862
f 687/764/738 688/890/862 685/766/740
f 685/766/740 688/890/862 686/888/860
f 685/766/740 686/888/860 683/768/742
f 683/768/742 686/888/860 684/886/858
f 683/768/742 684/886/858 681/770/744
f 681/770/744 684/886/858 682/884/856
f 681/770/744 682/884/856 679/772/746
f 679/772/746 682/884/856 680/882/854
f 679/772/746 680/882/854 677/774/748
f 677/774/748 680/882/854 678/880/852
f 677/774/748 678/880/852 675/776/750
f 675/776/750 678/880/852 676/878/850
f 675/776/750 676/878/850 673/778/752
f 673/778/752 676/878/850 674/876/848
f 673/778/752 674/876/848 671/780/754
f 671/780/754 674/876/848 672/874/846
f 671/780/754 672/874/846 669/782/756
f 669/782/756 672/874/846 670/872/844
f 669/782/756 670/872/844 667/784/758
f 667/784/758 670/872/844 668/870/842
f 667/784/758 668/870/842 665/786/760
f 665/786/760 668/870/842 666/868/840
f 665/786/760 666/868/840 663/788/762
f 663/788/762 666/868/840 664/866/838
f 663/788/762 664/866/838 661/790/764
f 661/790/764 664/866/838 662/864/836
f 661/790/764 662/864/836 659/792/766
f 659/792/766 662/864/836 660/862/834
f 659/792/766 660/862/834 657/794/768
f 657/794/768 660/862/834 658/860/832
f 657/794/768 658/860/832 655/796/770
f 655/796/770 658/860/832 656/858/830
f 655/796/770 656/858/830 653/798/772
f 653/798/772 656/858/830 654/856/828
f 653/798/772 654/856/828 651/800/774
f 651/800/774 654/856/828 652/854/826
f 651/800/774 652/854/826 649/802/776
f 649/802/776 652/854/826 650/852/824
f 649/802/776 650/852/824 647/804/778
f 647/804/778 650/852/824 648/850/822
f 647/804/778 648/850/822 645/806/780
f 645/806/780 648/850/822 646/848/820
f 645/806/780 646/848/820 643/808/782
f 643/808/782 646/848/820 644/846/818
f 643/808/782 644/846/818 641/810/784
f 641/810/784 644/846/818 642/844/816
f 641/810/784 642/844/816 639/812/786
f 639/812/786 642/844/816 640/842/814
f 639/812/786 640/842/814 637/814/788
f 637/814/788 640/842/814 638/840/812
f 637/814/788 638/840/812 635/816/790
f 635/816/790 638/840/812 636/838/810
f 635/816/790 636/838/810 633/818/792
f 633/818/792 636/838/810 634/836/808
f 633/818/792 634/836/808 631/820/794
f 631/820/794 634/836/808 632/834/806
f 631/820/794 632/834/806 629/822/796
f 629/822/796 632/834/806 630/832/804
f 629/822/796 630/832/804 627/750/726
f 627/750/726 630/832/804 628/830/802
f 627/750/726 628/830/802 625/752/728
f 625/752/728 628/830/802 626/828/800
f 192/897/869 735/898/870 157/899/871
f 157/899/871 735/898/870 733/900/872
f 157/901/871 733/902/872 158/903/873
f 158/903/873 733/902/872 803/904/874
f 158/903/873 803/904/874 159/905/875
f 159/905/875 803/904/874 801/906/876
f 159/905/875 801/906/876 160/907/877
f 160/907/877 801/906/876 799/908/878
f 160/907/877 799/908/878 161/909/879
f 161/909/879 799/908/878 797/910/880
f 161/909/879 797/910/880 162/911/881
f 162/911/881 797/910/880 795/912/882
f 162/911/881 795/912/882 163/913/883
f 163/913/883 795/912/882 793/914/884
f 163/913/883 793/914/884 164/915/885
f 164/915/885 793/914/884 791/916/886
f 164/915/885 791/916/886 165/917/887
f 165/917/887 791/916/886 789/918/888
f 165/917/887 789/918/888 166/919/889
f 166/919/889 789/918/888 787/920/890
f 166/919/889 787/920/890 167/921/891
f 167/921/891 787/920/890 785/922/892
f 167/921/891 785/922/892 168/923/893
f 168/923/893 785/922/892 783/924/894
f 168/923/893 783/924/894 169/925/895
f 169/925/895 783/924/894 781/926/896
f 169/925/895 781/926/896 170/927/897
f 170/927/897 781/926/896 779/928/898
f 170/927/897 779/928/898 171/929/899
f 171/929/899 779/928/898 777/930/900
f 171/929/899 777/930/900 172/931/901
f 172/931/901 777/930/900 775/932/902
f 172/931/901 775/932/902 173/933/903
f 173/933/903 775/932/902 773/934/904
f 173/933/903 773/934/904 174/935/905
f 174/935/905 773/934/904 771/936/906
f 174/935/905 771/936/906 175/937/907
f 175/937/907 771/936/906 769/938/908
f 175/937/907 769/938/908 176/939/909
f 176/939/909 769/938/908 767/940/910
f 176/939/909 767/940/910 177/941/911
f 177/941/911 767/940/910 765/942/912
f 177/941/911 765/942/912 178/943/913
f 178/943/913 765/942/912 763/944/914
f 178/943/913 763/944/914 179/945/915
f 179/945/915 763/944/914 761/946/916
f 179/945/915 761/946/916 180/947/917
f 180/947/917 761/946/916 759/948/918
f 180/947/917 759/948/918 181/949/919
f 181/949/919 759/948/918 757/950/920
f 181/949/919 757/950/920 182/951/921
f 182/951/921 757/950/920 755/952/922
f 182/951/921 755/952/922 183/953/923
f 183/953/923 755/952/922 753/954/924
f 183/953/923 753/954/924 184/955/925
f 184/955/925 753/954/924 751/956/926
f 184/955/925 751/956/926 185/957/927
f 185/957/927 751/956/926 749/958/928
f 185/957/927 749/958/928 186/959/929
f 186/959/929 749/958/928 747/960/930
f 186/959/929 747/960/930 187/961/931
f 187/961/931 747/960/930 745/962/932
f 187/961/931 745/962/932 188/963/933
f 188/963/933 745/962/932 743/964/934
f 188/963/933 743/964/934 189/965/935
f 189/965/935 743/964/934 741/966/936
f 189/965/935 741/966/936 190/967/937
f 190/967/937 741/966/936 739/968/938
f 190/967/937 739/968/938 191/969/939
f 191/969/939 739/968/938 737/970/940
f 191/969/939 737/970/940 192/897/869
f 192/897/869 737/970/940 735/898/870
f 698/971/941 804/972/942 697/973/943
f 697/973/943 804/972/942 734/974/944
f 697/975/943 734/976/944 732/977/945
f 732/977/945 734/976/944 736/978/946
f 732/977/945 736/978/946 731/979/947
f 731/979/947 736/978/946 738/980/948
f 731/979/947 738/980/948 730/981/949
f 730/981/949 738/980/948 740/982/950
f 730/981/949 740/982/950 729/983/951
f 729/983/951 740/982/950 742/984/952
f 729/983/951 742/984/952 728/985/953
f 728/985/953 742/984/952 744/986/954
f 728/985/953 744/986/954 727/987/955
f 727/987/955 744/986/954 746/988/956
f 727/987/955 746/988/956 726/989/957
f 726/989/957 746/988/956 748/990/958
f 726/989/957 748/990/958 725/991/959
f 725/991/959 748/990/958 750/992/960
f 725/991/959 750/992/960 724/993/961
f 724/993/961 750/992/960 752/994/962
f 724/993/961 752/994/962 723/995/963
f 723/995/963 752/994/962 754/996/964
f 723/995/963 754/996/964 722/997/965
f 722/997/965 754/996/964 756/998/966
f 722/997/965 756/998/966 721/999/967
f 721/999/967 756/998/966 758/1000/968
f 721/999/967 758/1000/968 720/1001/969
f 720/1001/969 758/1000/968 760/1002/970
f 720/1001/969 760/1002/970 719/1003/971
f 719/1003/971 760/1002/970 762/1004/972
f 719/1003/971 762/1004/972 718/1005/973
f 718/1005/973 762/1004/972 764/1006/974
f 718/1005/973 764/1006/974 717/1007/975
f 717/1007/975 764/1006/974 766/1008/976
f 717/1007/975 766/1008/976 716/1009/977
f 716/1009/977 766/1008/976 768/1010/978
f 716/1009/977 768/1010/978 715/1011/979
f 715/1011/979 768/1010/978 770/1012/980
f 715/1011/979 770/1012/980 714/1013/981
f 714/1013/981 770/1012/980 772/1014/982
f 714/1013/981 772/1014/982 713/1015/983
f 713/1015/983 772/1014/982 774/1016/984
f 713/1015/983 774/1016/984 712/1017/985
f 712/1017/985 774/1016/984 776/1018/986
f 712/1017/985 776/1018/986 711/1019/987
f 711/1019/987 776/1018/986 778/1020/988
f 711/1019/987 778/1020/988 710/1021/989
f 710/1021/989 778/1020/988 780/1022/990
f 710/1021/989 780/1022/990 709/1023/991
f 709/1023/991 780/1022/990 782/1024/992
f 709/1023/991 782/1024/992 708/1025/993
f 708/1025/993 782/1024/992 784/1026/994
f 708/1025/993 784/1026/994 707/1027/995
f 707/1027/995 784/1026/994 786/1028/996
f 707/1027/995 786/1028/996 706/1029/997
f 706/1029/997 786/1028/996 788/1030/998
f 706/1029/997 788/1030/998 705/1031/999
f 705/1031/999 788/1030/998 790/1032/1000
f 705/1031/999 790/1032/1000 704/1033/1001
f 704/1033/1001 790/1032/1000 792/1034/1002
f 704/1033/1001 792/1034/1002 703/1035/1003
f 703/1035/1003 792/1034/1002 794/1036/1004
f 703/1035/1003 794/1036/1004 702/1037/1005
f 702/1037/1005 794/1036/1004 796/1038/1006
f 702/1037/1005 796/1038/1006 701/1039/1007
f 701/1039/1007 796/1038/1006 798/1040/1008
f 701/1039/1007 798/1040/1008 700/1041/1009
f 700/1041/1009 798/1040/1008 800/1042/1010
f 700/1041/1009 800/1042/1010 699/1043/1011
f 699/1043/1011 800/1042/1010 802/1044/1012
f 699/1043/1011 802/1044/1012 698/971/941
f 698/971/941 802/1044/1012 804/972/942
f 733/902/872 734/974/944 803/904/874
f 803/904/874 734/974/944 804/972/942
f 803/904/874 804/972/942 801/906/876
f 801/906/876 804/972/942 802/1044/1012
f 801/906/876 802/1044/1012 799/908/878
f 799/908/878 802/1044/1012 800/1042/1010
f 799/908/878 800/1042/1010 797/910/880
f 797/910/880 800/1042/1010 798/1040/1008
f 797/910/880 798/1040/1008 795/912/882
f 795/912/882 798/1040/1008 796/1038/1006
f 795/912/882 796/1038/1006 793/914/884
f 793/914/884 796/1038/1006 794/1036/1004
f 793/914/884 794/1036/1004 791/916/886
f 791/916/886 794/1036/1004 792/1034/1002
f 791/916/886 792/1034/1002 789/918/888
f 789/918/888 792/1034/1002 790/1032/1000
f 789/918/888 790/1032/1000 787/920/890
f 787/920/890 790/1032/1000 788/1030/998
f 787/920/890 788/1030/998 785/922/892
f 785/922/892 788/1030/998 786/1028/996
f 785/922/892 786/1028/996 783/924/894
f 783/924/894 786/1028/996 784/1026/994
f 783/924/894 784/1026/994 781/926/896
f 781/926/896 784/1026/994 782/1024/992
f 781/926/896 782/1024/992 779/928/898
f 779/928/898 782/1024/992 780/1022/990
f 779/928/898 780/1022/990 777/930/900
f 777/930/900 780/1022/990 778/1020/988
f 777/930/900 778/1020/988 775/932/902
f 775/932/902 778/1020/988 776/1018/986
f 775/932/902 776/1018/986 773/934/904
f 773/934/904 776/1018/986 774/1016/984
f 773/934/904 774/1016/984 771/936/906
f 771/936/906 774/1016/984 772/1014/982
f 771/936/906 772/1014/982 769/938/908
f 769/938/908 772/1014/982 770/1012/980
f 769/938/908 770/1012/980 767/940/910
f 767/940/910 770/1012/980 768/1010/978
f 767/940/910 768/1010/978 765/942/912
f 765/942/912 768/1010/978 766/1008/976
f 765/942/912 766/1008/976 763/944/914
f 763/944/914 766/1008/976 764/1006/974
f 763/944/914 764/1006/974 761/946/916
f 761/946/916 764/1006/974 762/1004/972
f 761/946/916 762/1004/972 759/948/918
f 759/948/918 762/1004/972 760/1002/970
f 759/948/918 760/1002/970 757/950/920
f 757/950/920 760/1002/970 758/1000/968
f 757/950/920 758/1000/968 755/952/922
f 755/952/922 758/1000/968 756/998/966
f 755/952/922 756/998/966 753/954/924
f 753/954/924 756/998/966 754/996/964
f 753/954/924 754/996/964 751/956/926
f 751/956/926 754/996/964 752/994/962
f 751/956/926 752/994/962 749/958/928
f 749/958/928 752/994/962 750/992/960
f 749/958/928 750/992/960 747/960/930
f 747/960/930 750/992/960 748/990/958
f 747/960/930 748/990/958 745/962/932
f 745/962/932 748/990/958 746/988/956
f 745/962/932 746/988/956 743/964/934
f 743/964/934 746/988/956 744/986/954
f 743/964/934 744/986/954 741/966/936
f 741/966/936 744/986/954 742/984/952
f 741/966/936 742/984/952 739/968/938
f 739/968/938 742/984/952 740/982/950
f 739/968/938 740/982/950 737/970/940
f 737/970/940 740/982/950 738/980/948
f 737/970/940 738/980/948 735/898/870
f 735/898/870 738/980/948 736/978/946
f 735/898/870 736/978/946 733/900/872
f 733/900/872 736/978/946 734/976/944
f 805/1045/1013 806/1046/1014 372/1047/1015
f 372/1047/1015 806/1046/1014 301/1048/1016
f 355/1049/1017 807/1050/1018 356/1051/1019
f 356/1051/1019 807/1050/1018 808/1052/1020
f 356/1051/1019 808/1052/1020 357/1053/1021
f 357/1053/1021 808/1052/1020 809/1054/1022
f 357/1053/1021 809/1054/1022 358/1055/1023
f 358/1055/1023 809/1054/1022 810/1056/1024
f 358/1055/1023 810/1056/1024 359/1057/1025
f 359/1057/1025 810/1056/1024 811/1058/1026
f 359/1057/1025 811/1058/1026 360/1059/1027
f 360/1059/1027 811/1058/1026 812/1060/1028
f 360/1059/1027 812/1060/1028 361/1061/1029
f 361/1061/1029 812/1060/1028 813/1062/1030
f 361/1061/1029 813/1062/1030 362/1063/1031
f 362/1063/1031 813/1062/1030 814/1064/1032
f 362/1063/1031 814/1064/1032 363/1065/1033
f 363/1065/1033 814/1064/1032 815/1066/1034
f 363/1065/1033 815/1066/1034 364/1067/1035
f 364/1067/1035 815/1066/1034 816/1068/1036
f 364/1067/1035 816/1068/1036 365/1069/1037
f 365/1069/1037 816/1068/1036 817/1070/1038
f 365/1069/1037 817/1070/1038 366/1071/1039
f 366/1071/1039 817/1070/1038 818/1072/1040
f 366/1071/1039 818/1072/1040 367/1073/1041
f 367/1073/1041 818/1072/1040 819/1074/1042
f 367/1073/1041 819/1074/1042 368/1075/1043
f 368/1075/1043 819/1074/1042 820/1076/1044
f 368/1075/1043 820/1076/1044 369/1077/1045
f 369/1077/1045 820/1076/1044 821/1078/1046
f 369/1077/1045 821/1078/1046 370/1079/1047
f 370/1079/1047 821/1078/1046 822/1080/1048
f 370/1079/1047 822/1080/1048 371/1081/1049
f 371/1081/1049 822/1080/1048 823/1082/1050
f 371/1081/1049 823/1082/1050 372/1083/1015
f 372/1083/1015 823/1082/1050 805/1084/1013
f 824/1085/1051 807/1086/1018 354/1087/1052
f 354/1087/1052 807/1086/1018 355/1088/1017
f 337/1089/1053 825/1090/1054 338/1091/1055
f 338/1091/1055 825/1090/1054 826/1092/1056
f 338/1091/1055 826/1092/1056 339/1093/1057
f 339/1093/1057 826/1092/1056 827/1094/1058
f 339/1093/1057 827/1094/1058 340/1095/1059
f 340/1095/1059 827/1094/1058 828/1096/1060
f 340/1095/1059 828/1096/1060 341/1097/1061
f 341/1097/1061 828/1096/1060 829/1098/1062
f 341/1097/1061 829/1098/1062 342/1099/1063
f 342/1099/1063 829/1098/1062 830/1100/1064
f 342/1099/1063 830/1100/1064 343/1101/1065
f 343/1101/1065 830/1100/1064 831/1102/1066
f 343/1101/1065 831/1102/1066 344/1103/1067
f 344/1103/1067 831/1102/1066 832/1104/1068
f 344/1103/1067 832/1104/1068 345/1105/1069
f 345/1105/1069 832/1104/1068 833/1106/1070
f 345/1105/1069 833/1106/1070 346/1107/1071
f 346/1107/1071 833/1106/1070 834/1108/1072
f 346/1107/1071 834/1108/1072 347/1109/1073
f 347/1109/1073 834/1108/1072 835/1110/1074
f 347/1109/1073 835/1110/1074 348/1111/1075
f 348/1111/1075 835/1110/1074 836/1112/1076
f 348/1111/1075 836/1112/1076 349/1113/1077
f 349/1113/1077 836/1112/1076 837/1114/1078
f 349/1113/1077 837/1114/1078 350/1115/1079
f 350/1115/1079 837/1114/1078 838/1116/1080
f 350/1115/1079 838/1116/1080 351/1117/1081
f 351/1117/1081 838/1116/1080 839/1118/1082
f 351/1117/1081 839/1118/1082 352/1119/1083
f 352/1119/1083 839/1118/1082 840/1120/1084
f 352/1119/1083 840/1120/1084 353/1121/1085
f 353/1121/1085 840/1120/1084 841/1122/1086
f 353/1121/1085 841/1122/1086 354/1123/1052
f 354/1123/1052 841/1122/1086 824/1124/1051
f 842/1125/1087 825/1126/1054 336/1127/1088
f 336/1127/1088 825/1126/1054 337/1128/1053
f 319/1129/1089 843/1130/1090 320/1131/1091
f 320/1131/1091 843/1130/1090 844/1132/1092
f 320/1131/1091 844/1132/1092 321/1133/1093
f 321/1133/1093 844/1132/1092 845/1134/1094
f 321/1133/1093 845/1134/1094 322/1135/1095
f 322/1135/1095 845/1134/1094 846/1136/1096
f 322/1135/1095 846/1136/1096 323/1137/1097
f 323/1137/1097 846/1136/1096 847/1138/1098
f 323/1137/1097 847/1138/1098 324/1139/1099
f 324/1139/1099 847/1138/1098 848/1140/1100
f 324/1139/1099 848/1140/1100 325/1141/1101
f 325/1141/1101 848/1140/1100 849/1142/1102
f 325/1141/1101 849/1142/1102 326/1143/1103
f 326/1143/1103 849/1142/1102 850/1144/1104
f 326/1143/1103 850/1144/1104 327/1145/1105
f 327/1145/1105 850/1144/1104 851/1146/1106
f 327/1145/1105 851/1146/1106 328/1147/1107
f 328/1147/1107 851/1146/1106 852/1148/1108
f 328/1147/1107 852/1148/1108 329/1149/1109
f 329/1149/1109 852/1148/1108 853/1150/1110
f 329/1149/1109 853/1150/1110 330/1151/1111
f 330/1151/1111 853/1150/1110 854/1152/1112
f 330/1151/1111 854/1152/1112 331/1153/1113
f 331/1153/1113 854/1152/1112 855/1154/1114
f 331/1153/1113 855/1154/1114 332/1155/1115
f 332/1155/1115 855/1154/1114 856/1156/1116
f 332/1155/1115 856/1156/1116 333/1157/1117
f 333/1157/1117 856/1156/1116 857/1158/1118
f 333/1157/1117 857/1158/1118 334/1159/1119
f 334/1159/1119 857/1158/1118 858/1160/1120
f 334/1159/1119 858/1160/1120 335/1161/1121
f 335/1161/1121 858/1160/1120 859/1162/1122
f 335/1161/1121 859/1162/1122 336/1163/1088
f 336/1163/1088 859/1162/1122 842/1164/1087
f 54/1165/1123 843/1166/1090 78/1167/1124
f 78/1167/1124 843/1166/1090 319/1168/1089
f 78/1167/1124 319/1168/1089 88/1169/1125
f 88/1169/1125 319/1168/1089 89/1170/1126
f 89/1170/1126 319/1168/1089 90/1171/1127
f 90/1171/1127 319/1168/1089 91/1172/1128
f 91/1172/1128 319/1168/1089 92/1173/1129
f 92/1173/1129 319/1168/1089 93/1174/1130
f 93/1174/1130 319/1168/1089 94/1175/1131
f 94/1175/1131 319/1168/1089 95/1176/1132
f 95/1176/1132 319/1168/1089 96/1177/1133
f 96/1177/1133 319/1168/1089 114/1178/1134
f 114/1178/1134 319/1168/1089 318/1179/1135
f 114/1178/1134 318/1179/1135 124/1180/1136
f 124/1180/1136 318/1179/1135 125/1181/1137
f 125/1181/1137 318/1179/1135 126/1182/1138
f 126/1182/1138 318/1179/1135 127/1183/1139
f 127/1183/1139 318/1179/1135 128/1184/1140
f 128/1184/1140 318/1179/1135 129/1185/1141
f 129/1185/1141 318/1179/1135 130/1186/1142
f 130/1186/1142 318/1179/1135 131/1187/1143
f 131/1187/1143 318/1179/1135 132/1188/1144
f 132/1188/1144 318/1179/1135 860/1189/1145
f 132/1188/1144 860/1189/1145 8/1190/1146
f 8/1190/1146 860/1189/1145 9/1191/1147
f 9/1191/1147 860/1189/1145 10/1192/1148
f 10/1192/1148 860/1189/1145 11/1193/1149
f 11/1193/1149 860/1189/1145 12/1194/1150
f 12/1194/1150 860/1189/1145 13/1195/1151
f 13/1195/1151 860/1189/1145 14/1196/1152
f 14/1196/1152 860/1189/1145 15/1197/1153
f 15/1197/1153 860/1189/1145 16/1198/1154
f 16/1198/1154 860/1189/1145 17/1199/1155
f 17/1199/1155 860/1189/1145 843/1166/1090
f 17/1199/1155 843/1166/1090 45/1200/1156
f 45/1200/1156 843/1166/1090 46/1201/1157
f 46/1201/1157 843/1166/1090 47/1202/1158
f 47/1202/1158 843/1166/1090 48/1203/1159
f 48/1203/1159 843/1166/1090 49/1204/1160
f 49/1204/1160 843/1166/1090 50/1205/1161
f 50/1205/1161 843/1166/1090 51/1206/1162
f 51/1206/1162 843/1166/1090 52/1207/1163
f 52/1207/1163 843/1166/1090 53/1208/1164
f 53/1208/1164 843/1166/1090 54/1165/1123
f 301/1209/1016 806/1210/1014 302/1211/1165
f 302/1211/1165 806/1210/1014 861/1212/1166
f 302/1211/1165 861/1212/1166 303/1213/1167
f 303/1213/1167 861/1212/1166 862/1214/1168
f 303/1213/1167 862/1214/1168 304/1215/1169
f 304/1215/1169 862/1214/1168 863/1216/1170
f 304/1215/1169 863/1216/1170 305/1217/1171
f 305/1217/1171 863/1216/1170 864/1218/1172
f 305/1217/1171 864/1218/1172 306/1219/1173
f 306/1219/1173 864/1218/1172 865/1220/1174
f 306/1219/1173 865/1220/1174 307/1221/1175
f 307/1221/1175 865/1220/1174 866/1222/1176
f 307/1221/1175 866/1222/1176 308/1223/1177
f 308/1223/1177 866/1222/1176 867/1224/1178
f 308/1223/1177 867/1224/1178 309/1225/1179
f 309/1225/1179 867/1224/1178 868/1226/1180
f 309/1225/1179 868/1226/1180 310/1227/1181
f 310/1227/1181 868/1226/1180 869/1228/1182
f 310/1227/1181 869/1228/1182 311/1229/1183
f 311/1229/1183 869/1228/1182 870/1230/1184
f 311/1229/1183 870/1230/1184 312/1231/1185
f 312/1231/1185 870/1230/1184 871/1232/1186
f 312/1231/1185 871/1232/1186 313/1233/1187
f 313/1233/1187 871/1232/1186 872/1234/1188
f 313/1233/1187 872/1234/1188 314/1235/1189
f 314/1235/1189 872/1234/1188 873/1236/1190
f 314/1235/1189 873/1236/1190 315/1237/1191
f 315/1237/1191 873/1236/1190 874/1238/1192
f 315/1237/1191 874/1238/1192 316/1239/1193
f 316/1239/1193 874/1238/1192 875/1240/1194
f 316/1239/1193 875/1240/1194 317/1241/1195
f 317/1241/1195 875/1240/1194 876/1242/1196
f 317/1241/1195 876/1242/1196 318/1243/1135
f 318/1243/1135 876/1242/1196 860/1244/1145
f 732/1245/1197 863/1246/1198 697/1247/1199
f 697/1247/1199 863/1246/1198 862/1248/1200
f 697/1247/1199 862/1248/1200 698/1249/1201
f 698/1249/1201 862/1248/1200 861/1250/1202
f 698/1249/1201 861/1250/1202 699/1251/1203
f 699/1251/1203 861/1250/1202 806/1252/1204
f 699/1251/1203 806/1252/1204 700/1253/1205
f 700/1253/1205 806/1252/1204 701/1254/1206
f 701/1254/1206 806/1252/1204 702/1255/1207
f 702/1255/1207 806/1252/1204 703/1256/1208
f 703/1256/1208 806/1252/1204 704/1257/1209
f 704/1257/1209 806/1252/1204 705/1258/1210
f 705/1258/1210 806/1252/1204 617/1259/1211
f 705/1258/1210 617/1259/1211 616/1260/1212
f 863/1246/1198 732/1245/1197 864/1261/1213
f 864/1261/1213 732/1245/1197 731/1262/1214
f 864/1261/1213 731/1262/1214 865/1263/1215
f 865/1263/1215 731/1262/1214 730/1264/1216
f 865/1263/1215 730/1264/1216 866/1265/1217
f 866/1265/1217 730/1264/1216 729/1266/1218
f 866/1265/1217 729/1266/1218 867/1267/1219
f 867/1267/1219 729/1266/1218 728/1268/1220
f 867/1267/1219 728/1268/1220 868/1269/1221
f 868/1269/1221 728/1268/1220 869/1270/1222
f 869/1270/1222 728/1268/1220 727/1271/1223
f 869/1270/1222 727/1271/1223 870/1272/1224
f 870/1272/1224 727/1271/1223 726/1273/1225
f 870/1272/1224 726/1273/1225 871/1274/1226
f 871/1274/1226 726/1273/1225 725/1275/1227
f 871/1274/1226 725/1275/1227 872/1276/1228
f 872/1276/1228 725/1275/1227 873/1277/1229
f 873/1277/1229 725/1275/1227 724/1278/1230
f 873/1277/1229 724/1278/1230 874/1279/1231
f 874/1279/1231 724/1278/1230 875/1280/1232
f 875/1280/1232 724/1278/1230 723/1281/1233
f 875/1280/1232 723/1281/1233 876/1282/1234
f 876/1282/1234 723/1281/1233 860/1283/1235
f 860/1283/1235 723/1281/1233 722/1284/1236
f 860/1283/1235 722/1284/1236 721/1285/1237
f 721/1285/1237 720/1286/1238 860/1283/1235
f 860/1283/1235 720/1286/1238 719/1287/1239
f 860/1283/1235 719/1287/1239 718/1288/1240
f 718/1288/1240 717/1289/1241 860/1283/1235
f 860/1283/1235 717/1289/1241 716/1290/1242
f 860/1283/1235 716/1290/1242 843/1291/1243
f 843/1291/1243 716/1290/1242 408/1292/1244
f 843/1291/1243 408/1292/1244 407/1293/1245
f 716/1290/1242 715/1294/1246 408/1292/1244
f 408/1292/1244 715/1294/1246 373/1295/1247
f 373/1295/1247 715/1294/1246 714/1296/1248
f 373/1295/1247 714/1296/1248 374/1297/1249
f 374/1297/1249 714/1296/1248 713/1298/1250
f 374/1297/1249 713/1298/1250 375/1299/1251
f 375/1299/1251 713/1298/1250 712/1300/1252
f 375/1299/1251 712/1300/1252 376/1301/1253
f 376/1301/1253 712/1300/1252 711/1302/1254
f 376/1301/1253 711/1302/1254 377/1303/1255
f 377/1303/1255 711/1302/1254 710/1304/1256
f 377/1303/1255 710/1304/1256 378/1305/1257
f 378/1305/1257 710/1304/1256 612/1306/1258
f 378/1305/1257 612/1306/1258 512/1307/1259
f 512/1307/1259 612/1306/1258 513/1308/1260
f 513/1308/1260 612/1306/1258 611/1309/1261
f 513/1308/1260 611/1309/1261 514/1310/1262
f 514/1310/1262 611/1309/1261 610/1311/1263
f 514/1310/1262 610/1311/1263 515/1312/1264
f 515/1312/1264 610/1311/1263 609/1313/1265
f 515/1312/1264 609/1313/1265 516/1314/1266
f 516/1314/1266 609/1313/1265 608/1315/1267
f 516/1314/1266 608/1315/1267 481/1316/1268
f 481/1316/1268 608/1315/1267 607/1317/1269
f 481/1316/1268 607/1317/1269 482/1318/1270
f 482/1318/1270 607/1317/1269 606/1319/1271
f 482/1318/1270 606/1319/1271 824/1320/1272
f 824/1320/1272 606/1319/1271 807/1321/1273
f 807/1321/1273 606/1319/1271 605/1322/1274
f 807/1321/1273 605/1322/1274 604/1323/1275
f 612/1306/1258 710/1304/1256 613/1324/1276
f 613/1324/1276 710/1304/1256 709/1325/1277
f 613/1324/1276 709/1325/1277 614/1326/1278
f 614/1326/1278 709/1325/1277 708/1327/1279
f 614/1326/1278 708/1327/1279 615/1328/1280
f 615/1328/1280 708/1327/1279 707/1329/1281
f 615/1328/1280 707/1329/1281 616/1260/1212
f 616/1260/1212 707/1329/1281 706/1330/1282
f 616/1260/1212 706/1330/1282 705/1258/1210
f 624/1331/1283 822/1332/1284 589/1333/1285
f 589/1333/1285 822/1332/1284 821/1334/1286
f 589/1333/1285 821/1334/1286 590/1335/1287
f 590/1335/1287 821/1334/1286 820/1336/1288
f 590/1335/1287 820/1336/1288 591/1337/1289
f 591/1337/1289 820/1336/1288 819/1338/1290
f 591/1337/1289 819/1338/1290 592/1339/1291
f 592/1339/1291 819/1338/1290 818/1340/1292
f 592/1339/1291 818/1340/1292 593/1341/1293
f 593/1341/1293 818/1340/1292 817/1342/1294
f 593/1341/1293 817/1342/1294 594/1343/1295
f 594/1343/1295 817/1342/1294 816/1344/1296
f 594/1343/1295 816/1344/1296 815/1345/1297
f 822/1332/1284 624/1331/1283 823/1346/1298
f 823/1346/1298 624/1331/1283 623/1347/1299
f 823/1346/1298 623/1347/1299 805/1348/1300
f 805/1348/1300 623/1347/1299 622/1349/1301
f 805/1348/1300 622/1349/1301 621/1350/1302
f 621/1350/1302 620/1351/1303 805/1348/1300
f 805/1348/1300 620/1351/1303 619/1352/1304
f 805/1348/1300 619/1352/1304 618/1353/1305
f 618/1353/1305 617/1259/1211 805/1348/1300
f 805/1348/1300 617/1259/1211 806/1252/1204
f 604/1323/1275 603/1354/1306 807/1321/1273
f 807/1321/1273 603/1354/1306 602/1355/1307
f 807/1321/1273 602/1355/1307 601/1356/1308
f 601/1356/1308 600/1357/1309 807/1321/1273
f 807/1321/1273 600/1357/1309 599/1358/1310
f 807/1321/1273 599/1358/1310 808/1359/1311
f 808/1359/1311 599/1358/1310 809/1360/1312
f 809/1360/1312 599/1358/1310 598/1361/1313
f 809/1360/1312 598/1361/1313 810/1362/1314
f 810/1362/1314 598/1361/1313 811/1363/1315
f 811/1363/1315 598/1361/1313 597/1364/1316
f 811/1363/1315 597/1364/1316 812/1365/1317
f 812/1365/1317 597/1364/1316 813/1366/1318
f 813/1366/1318 597/1364/1316 596/1367/1319
f 813/1366/1318 596/1367/1319 814/1368/1320
f 814/1368/1320 596/1367/1319 595/1369/1321
f 814/1368/1320 595/1369/1321 815/1345/1297
f 815/1345/1297 595/1369/1321 594/1343/1295
f 378/1305/1257 512/1307/1259 379/1370/1322
f 379/1370/1322 512/1307/1259 511/1371/1323
f 379/1370/1322 511/1371/1323 380/1372/1324
f 380/1372/1324 511/1371/1323 510/1373/1325
f 380/1372/1324 510/1373/1325 509/1374/1326
f 380/1372/1324 509/1374/1326 381/1375/1327
f 381/1375/1327 509/1374/1326 508/1376/1328
f 381/1375/1327 508/1376/1328 382/1377/1329
f 382/1377/1329 508/1376/1328 383/1378/1330
f 383/1378/1330 508/1376/1328 507/1379/1331
f 383/1378/1330 507/1379/1331 842/1380/1332
f 842/1380/1332 507/1379/1331 825/1381/1333
f 825/1381/1333 507/1379/1331 506/1382/1334
f 825/1381/1333 506/1382/1334 505/1383/1335
f 505/1383/1335 504/1384/1336 825/1381/1333
f 825/1381/1333 504/1384/1336 503/1385/1337
f 825/1381/1333 503/1385/1337 502/1386/1338
f 502/1386/1338 501/1387/1339 825/1381/1333
f 825/1381/1333 501/1387/1339 826/1388/1340
f 826/1388/1340 501/1387/1339 500/1389/1341
f 826/1388/1340 500/1389/1341 827/1390/1342
f 827/1390/1342 500/1389/1341 499/1391/1343
f 827/1390/1342 499/1391/1343 828/1392/1344
f 828/1392/1344 499/1391/1343 498/1393/1345
f 828/1392/1344 498/1393/1345 829/1394/1346
f 829/1394/1346 498/1393/1345 497/1395/1347
f 829/1394/1346 497/1395/1347 830/1396/1348
f 830/1396/1348 497/1395/1347 496/1397/1349
f 830/1396/1348 496/1397/1349 831/1398/1350
f 831/1398/1350 496/1397/1349 495/1399/1351
f 831/1398/1350 495/1399/1351 832/1400/1352
f 832/1400/1352 495/1399/1351 494/1401/1353
f 832/1400/1352 494/1401/1353 833/1402/1354
f 833/1402/1354 494/1401/1353 834/1403/1355
f 834/1403/1355 494/1401/1353 493/1404/1356
f 834/1403/1355 493/1404/1356 835/1405/1357
f 835/1405/1357 493/1404/1356 492/1406/1358
f 835/1405/1357 492/1406/1358 836/1407/1359
f 836/1407/1359 492/1406/1358 491/1408/1360
f 836/1407/1359 491/1408/1360 837/1409/1361
f 837/1409/1361 491/1408/1360 838/1410/1362
f 838/1410/1362 491/1408/1360 490/1411/1363
f 838/1410/1362 490/1411/1363 839/1412/1364
f 839/1412/1364 490/1411/1363 840/1413/1365
f 840/1413/1365 490/1411/1363 489/1414/1366
f 840/1413/1365 489/1414/1366 841/1415/1367
f 841/1415/1367 489/1414/1366 824/1320/1272
f 824/1320/1272 489/1414/1366 488/1416/1368
f 824/1320/1272 488/1416/1368 487/1417/1369
f 487/1417/1369 486/1418/1370 824/1320/1272
f 824/1320/1272 486/1418/1370 485/1419/1371
f 824/1320/1272 485/1419/1371 484/1420/1372
f 484/1420/1372 483/1421/1373 824/1320/1272
f 824/1320/1272 483/1421/1373 482/1318/1270
f 407/1293/1245 406/1422/1374 843/1291/1243
f 843/1291/1243 406/1422/1374 405/1423/1375
f 843/1291/1243 405/1423/1375 404/1424/1376
f 404/1424/1376 403/1425/1377 843/1291/1243
f 843/1291/1243 403/1425/1377 402/1426/1378
f 843/1291/1243 402/1426/1378 401/1427/1379
f 400/1428/1380 845/1429/1381 401/1427/1379
f 401/1427/1379 845/1429/1381 844/1430/1382
f 401/1427/1379 844/1430/1382 843/1291/1243
f 399/1431/1383 847/1432/1384 400/1428/1380
f 400/1428/1380 847/1432/1384 846/1433/1385
f 400/1428/1380 846/1433/1385 845/1429/1381
f 398/1434/1386 849/1435/1387 399/1431/1383
f 399/1431/1383 849/1435/1387 848/1436/1388
f 399/1431/1383 848/1436/1388 847/1432/1384
f 849/1435/1387 398/1434/1386 850/1437/1389
f 850/1437/1389 398/1434/1386 397/1438/1390
f 850/1437/1389 397/1438/1390 851/1439/1391
f 851/1439/1391 397/1438/1390 396/1440/1392
f 851/1439/1391 396/1440/1392 852/1441/1393
f 852/1441/1393 396/1440/1392 853/1442/1394
f 853/1442/1394 396/1440/1392 395/1443/1395
f 853/1442/1394 395/1443/1395 854/1444/1396
f 854/1444/1396 395/1443/1395 394/1445/1397
f 854/1444/1396 394/1445/1397 855/1446/1398
f 855/1446/1398 394/1445/1397 393/1447/1399
f 855/1446/1398 393/1447/1399 856/1448/1400
f 856/1448/1400 393/1447/1399 392/1449/1401
f 856/1448/1400 392/1449/1401 857/1450/1402
f 857/1450/1402 392/1449/1401 391/1451/1403
f 857/1450/1402 391/1451/1403 858/1452/1404
f 858/1452/1404 391/1451/1403 390/1453/1405
f 858/1452/1404 390/1453/1405 859/1454/1406
f 859/1454/1406 390/1453/1405 389/1455/1407
f 859/1454/1406 389/1455/1407 842/1380/1332
f 842/1380/1332 389/1455/1407 388/1456/1408
f 842/1380/1332 388/1456/1408 387/1457/1409
f 387/1457/1409 386/1458/1410 842/1380/1332
f 842/1380/1332 386/1458/1410 385/1459/1411
f 842/1380/1332 385/1459/1411 384/1460/1412
f 384/1460/1412 383/1378/1330 842/1380/1332
# 876 vertices
# 1460 texture params
# 1412 normals
# 1768 facets

# 1 groups
